time,.header.seq,.header.stamp.secs,.header.stamp.nsecs,.header.frame_id,.coordinate_frame,.type_mask,x_pose,y_pose,z_pose,.velocity.x,.velocity.y,.velocity.z,.acceleration_or_force.x,.acceleration_or_force.y,.acceleration_or_force.z,.yaw,.yaw_rate
2023/02/22/20:32:44.784496,2447,0,0,,1,504,0,10,10,0,0,0,0,0,0,1.570796013,0
2023/02/22/20:32:44.834480,2448,0,0,,1,504,0,10,10,0,0,0,0,0,0,1.570796013,0
2023/02/22/20:32:44.884486,2449,0,0,,1,504,0,10,10,0,0,0,0,0,0,1.570796013,0
2023/02/22/20:32:44.934510,2450,0,0,,1,504,0,10,10,0,0,0,0,0,0,1.570796013,0
2023/02/22/20:32:44.984388,2451,0,0,,1,504,0,10,10,0,0,0,0,0,0,1.570796013,0
2023/02/22/20:32:45.034488,2452,0,0,,1,504,0,10,10,0,0,0,0,0,0,1.570796013,0
2023/02/22/20:32:45.084519,2453,0,0,,1,504,0,10,10,0,0,0,0,0,0,1.570796013,0
2023/02/22/20:32:45.134410,2454,0,0,,1,504,0,10,10,0,0,0,0,0,0,1.570796013,0
2023/02/22/20:32:45.184402,2455,0,0,,1,504,0,10,10,0,0,0,0,0,0,1.570796013,0
2023/02/22/20:32:45.234452,2456,0,0,,1,504,0,10,10,0,0,0,0,0,0,1.570796013,0
2023/02/22/20:32:45.284381,2457,0,0,,1,504,0,10,10,0,0,0,0,0,0,1.570796013,0
2023/02/22/20:32:45.334580,2458,0,0,,1,504,0,10,10,0,0,0,0,0,0,1.570796013,0
2023/02/22/20:32:45.384745,2459,0,0,,1,504,0,10,10,0,0,0,0,0,0,1.570796013,0
2023/02/22/20:32:45.434547,2460,0,0,,1,504,0,10,10,0,0,0,0,0,0,1.570796013,0
2023/02/22/20:32:45.484715,2461,0,0,,1,504,0,10,10,0,0,0,0,0,0,1.570796013,0
2023/02/22/20:32:45.534610,2462,0,0,,1,504,0,10,10,0,0,0,0,0,0,1.570796013,0
2023/02/22/20:32:45.584564,2463,0,0,,1,504,0,10,10,0,0,0,0,0,0,1.570796013,0
2023/02/22/20:32:45.634655,2464,0,0,,1,504,0,10,10,0,0,0,0,0,0,1.570796013,0
2023/02/22/20:32:45.684579,2465,0,0,,1,504,0,10,10,0,0,0,0,0,0,1.570796013,0
2023/02/22/20:32:45.734608,2466,0,0,,1,504,0,10,10,0,0,0,0,0,0,1.570796013,0
2023/02/22/20:32:45.784618,2467,0,0,,1,504,0,10,10,0,0,0,0,0,0,1.570796013,0
2023/02/22/20:32:45.834649,2468,0,0,,1,504,0,10,10,0,0,0,0,0,0,1.570796013,0
2023/02/22/20:32:45.884549,2469,0,0,,1,504,0,10,10,0,0,0,0,0,0,1.570796013,0
2023/02/22/20:32:45.934658,2470,0,0,,1,504,0,10,10,0,0,0,0,0,0,1.570796013,0
2023/02/22/20:32:45.984566,2471,0,0,,1,504,0,10,10,0,0,0,0,0,0,1.570796013,0
2023/02/22/20:32:46.034522,2472,0,0,,1,504,0,10,10,0,0,0,0,0,0,1.570796013,0
2023/02/22/20:32:46.084441,2473,0,0,,1,504,0,10,10,0,0,0,0,0,0,1.570796013,0
2023/02/22/20:32:46.134547,2474,0,0,,1,504,0,10,10,0,0,0,0,0,0,1.570796013,0
2023/02/22/20:32:46.184400,2475,0,0,,1,504,0,10,10,0,0,0,0,0,0,1.570796013,0
2023/02/22/20:32:46.234562,2476,0,0,,1,504,0,10,10,0,0,0,0,0,0,1.570796013,0
2023/02/22/20:32:46.284493,2477,0,0,,1,504,0,10,10,0,0,0,0,0,0,1.570796013,0
2023/02/22/20:32:46.334474,2478,0,0,,1,504,0,10,10,0,0,0,0,0,0,1.570796013,0
2023/02/22/20:32:46.384340,2479,0,0,,1,504,0,10,10,0,0,0,0,0,0,1.570796013,0
2023/02/22/20:32:46.434432,2480,0,0,,1,504,0,10,10,0,0,0,0,0,0,1.570796013,0
2023/02/22/20:32:46.484394,2481,0,0,,1,504,0,10,10,0,0,0,0,0,0,1.570796013,0
2023/02/22/20:32:46.534446,2482,0,0,,1,504,0,10,10,0,0,0,0,0,0,1.570796013,0
2023/02/22/20:32:46.584478,2483,0,0,,1,504,0,10,10,0,0,0,0,0,0,1.570796013,0
2023/02/22/20:32:46.634455,2484,0,0,,1,504,0,10,10,0,0,0,0,0,0,1.570796013,0
2023/02/22/20:32:46.684442,2485,0,0,,1,504,0,10,10,0,0,0,0,0,0,1.570796013,0
2023/02/22/20:32:46.734536,2486,0,0,,1,504,0,10,10,0,0,0,0,0,0,1.570796013,0
2023/02/22/20:32:46.784419,2487,0,0,,1,504,0,10,10,0,0,0,0,0,0,1.570796013,0
2023/02/22/20:32:46.834544,2488,0,0,,1,504,0,10,10,0,0,0,0,0,0,1.570796013,0
2023/02/22/20:32:46.884438,2489,0,0,,1,504,0,10,10,0,0,0,0,0,0,1.570796013,0
2023/02/22/20:32:46.934442,2490,0,0,,1,504,0,10,10,0,0,0,0,0,0,1.570796013,0
2023/02/22/20:32:46.984562,2491,0,0,,1,504,0,10,10,0,0,0,0,0,0,1.570796013,0
2023/02/22/20:32:47.034570,2492,0,0,,1,504,0,10,10,0,0,0,0,0,0,1.570796013,0
2023/02/22/20:32:47.084550,2493,0,0,,1,504,0,10,10,0,0,0,0,0,0,1.570796013,0
2023/02/22/20:32:47.134478,2494,0,0,,1,504,0,10,10,0,0,0,0,0,0,1.570796013,0
2023/02/22/20:32:47.184453,2495,0,0,,1,504,0,10,10,0,0,0,0,0,0,1.570796013,0
2023/02/22/20:32:47.234462,2496,0,0,,1,504,0,10,10,0,0,0,0,0,0,1.570796013,0
2023/02/22/20:32:47.284487,2497,0,0,,1,504,0,10,10,0,0,0,0,0,0,1.570796013,0
2023/02/22/20:32:47.334521,2498,0,0,,1,504,0,10,10,0,0,0,0,0,0,1.570796013,0
2023/02/22/20:32:47.384415,2499,0,0,,1,504,0,10,10,0,0,0,0,0,0,1.570796013,0
2023/02/22/20:32:47.434721,2500,0,0,,1,504,0,10,10,0,0,0,0,0,0,1.570796013,0
2023/02/22/20:32:47.484666,2501,0,0,,1,504,0,10,10,0,0,0,0,0,0,1.570796013,0
2023/02/22/20:32:47.534614,2502,0,0,,1,504,0,10,10,0,0,0,0,0,0,1.570796013,0
2023/02/22/20:32:47.584475,2503,0,0,,1,504,0,10,10,0,0,0,0,0,0,1.570796013,0
2023/02/22/20:32:47.634466,2504,0,0,,1,504,0,10,10,0,0,0,0,0,0,1.570796013,0
2023/02/22/20:32:47.684415,2505,0,0,,1,504,0,10,10,0,0,0,0,0,0,1.570796013,0
2023/02/22/20:32:47.734406,2506,0,0,,1,504,0,10,10,0,0,0,0,0,0,1.570796013,0
2023/02/22/20:32:47.784260,2507,0,0,,1,504,0,10,10,0,0,0,0,0,0,1.570796013,0
2023/02/22/20:32:47.834263,2508,0,0,,1,504,0,10,10,0,0,0,0,0,0,1.570796013,0
2023/02/22/20:32:47.884372,2509,0,0,,1,504,0,10,10,0,0,0,0,0,0,1.570796013,0
2023/02/22/20:32:47.934326,2510,0,0,,1,504,0,10,10,0,0,0,0,0,0,1.570796013,0
2023/02/22/20:32:47.984403,2511,0,0,,1,504,0,10,10,0,0,0,0,0,0,1.570796013,0
2023/02/22/20:32:48.034450,2512,0,0,,1,504,0,10,10,0,0,0,0,0,0,1.570796013,0
2023/02/22/20:32:48.084413,2513,0,0,,1,504,0,10,10,0,0,0,0,0,0,1.570796013,0
2023/02/22/20:32:48.134516,2514,0,0,,1,504,0,10,10,0,0,0,0,0,0,1.570796013,0
2023/02/22/20:32:48.184455,2515,0,0,,1,504,0,10,10,0,0,0,0,0,0,1.570796013,0
2023/02/22/20:32:48.234611,2516,0,0,,1,504,0,10,10,0,0,0,0,0,0,1.570796013,0
2023/02/22/20:32:48.284483,2517,0,0,,1,504,0,10,10,0,0,0,0,0,0,1.570796013,0
2023/02/22/20:32:48.334905,2518,0,0,,1,504,0,10,10,0,0,0,0,0,0,1.570796013,0
2023/02/22/20:32:48.384428,2519,0,0,,1,504,0,10,10,0,0,0,0,0,0,1.570796013,0
2023/02/22/20:32:48.434495,2520,0,0,,1,504,0,10,10,0,0,0,0,0,0,1.570796013,0
2023/02/22/20:32:48.484573,2521,0,0,,1,504,0,10,10,0,0,0,0,0,0,1.570796013,0
2023/02/22/20:32:48.534582,2522,0,0,,1,504,0,10,10,0,0,0,0,0,0,1.570796013,0
2023/02/22/20:32:48.584689,2523,0,0,,1,504,0,10,10,0,0,0,0,0,0,1.570796013,0
2023/02/22/20:32:48.634510,2524,0,0,,1,504,0,10,10,0,0,0,0,0,0,1.570796013,0
2023/02/22/20:32:48.684523,2525,0,0,,1,504,0,10,10,0,0,0,0,0,0,1.570796013,0
2023/02/22/20:32:48.734501,2526,0,0,,1,504,0,10,10,0,0,0,0,0,0,1.570796013,0
2023/02/22/20:32:48.784540,2527,0,0,,1,504,0,10,10,0,0,0,0,0,0,1.570796013,0
2023/02/22/20:32:48.834478,2528,0,0,,1,504,0,10,10,0,0,0,0,0,0,1.570796013,0
2023/02/22/20:32:48.884557,2529,0,0,,1,504,0,10,10,0,0,0,0,0,0,1.570796013,0
2023/02/22/20:32:48.934522,2530,0,0,,1,504,0,10,10,0,0,0,0,0,0,1.570796013,0
2023/02/22/20:32:48.984551,2531,0,0,,1,504,0,10,10,0,0,0,0,0,0,1.570796013,0
2023/02/22/20:32:49.034441,2532,0,0,,1,504,0,10,10,0,0,0,0,0,0,1.570796013,0
2023/02/22/20:32:49.084655,2533,0,0,,1,504,0,10,10,0,0,0,0,0,0,1.570796013,0
2023/02/22/20:32:49.134459,2534,0,0,,1,504,0,10,10,0,0,0,0,0,0,1.570796013,0
2023/02/22/20:32:49.184656,2535,0,0,,1,504,0,10,10,0,0,0,0,0,0,1.570796013,0
2023/02/22/20:32:49.234603,2536,0,0,,1,504,0,10,10,0,0,0,0,0,0,1.570796013,0
2023/02/22/20:32:49.284522,2537,0,0,,1,504,0,10,10,0,0,0,0,0,0,1.570796013,0
2023/02/22/20:32:49.334554,2538,0,0,,1,504,0,10,10,0,0,0,0,0,0,1.570796013,0
2023/02/22/20:32:49.384493,2539,0,0,,1,504,0,10,10,0,0,0,0,0,0,1.570796013,0
2023/02/22/20:32:49.434539,2540,0,0,,1,504,0,10,10,0,0,0,0,0,0,1.570796013,0
2023/02/22/20:32:49.484313,2541,0,0,,1,504,0,10,10,0,0,0,0,0,0,1.570796013,0
2023/02/22/20:32:49.534587,2542,0,0,,1,504,0,10,10,0,0,0,0,0,0,1.570796013,0
2023/02/22/20:32:49.584263,2543,0,0,,1,504,0,10,10,0,0,0,0,0,0,1.570796013,0
2023/02/22/20:32:49.634357,2544,0,0,,1,504,0,10,10,0,0,0,0,0,0,1.570796013,0
2023/02/22/20:32:49.684363,2545,0,0,,1,504,0,10,10,0,0,0,0,0,0,1.570796013,0
2023/02/22/20:32:49.734482,2546,0,0,,1,504,0,10,10,0,0,0,0,0,0,1.570796013,0
2023/02/22/20:32:49.784415,2547,0,0,,1,504,0,10,10,0,0,0,0,0,0,1.570796013,0
2023/02/22/20:32:49.834498,2548,0,0,,1,504,0,10,10,0,0,0,0,0,0,1.570796013,0
2023/02/22/20:32:49.884400,2549,0,0,,1,504,0,10,10,0,0,0,0,0,0,1.570796013,0
2023/02/22/20:32:49.934473,2550,0,0,,1,504,0,10,15,0,0,0,0,0,0,1.570796013,0
2023/02/22/20:32:49.984306,2551,0,0,,1,504,0,10,15,0,0,0,0,0,0,1.570796013,0
2023/02/22/20:32:50.034473,2552,0,0,,1,504,0,10,15,0,0,0,0,0,0,1.570796013,0
2023/02/22/20:32:50.084451,2553,0,0,,1,504,0,10,15,0,0,0,0,0,0,1.570796013,0
2023/02/22/20:32:50.134545,2554,0,0,,1,504,0,10,15,0,0,0,0,0,0,1.570796013,0
2023/02/22/20:32:50.184540,2555,0,0,,1,504,0,10,15,0,0,0,0,0,0,1.570796013,0
2023/02/22/20:32:50.234427,2556,0,0,,1,504,0,10,15,0,0,0,0,0,0,1.570796013,0
2023/02/22/20:32:50.284489,2557,0,0,,1,504,0,10,15,0,0,0,0,0,0,1.570796013,0
2023/02/22/20:32:50.334466,2558,0,0,,1,504,0,10,15,0,0,0,0,0,0,1.570796013,0
2023/02/22/20:32:50.384358,2559,0,0,,1,504,0,10,15,0,0,0,0,0,0,1.570796013,0
2023/02/22/20:32:50.434503,2560,0,0,,1,504,0,10,15,0,0,0,0,0,0,1.570796013,0
2023/02/22/20:32:50.484292,2561,0,0,,1,504,0,10,15,0,0,0,0,0,0,1.570796013,0
2023/02/22/20:32:50.534409,2562,0,0,,1,504,0,10,15,0,0,0,0,0,0,1.570796013,0
2023/02/22/20:32:50.584382,2563,0,0,,1,504,0,10,15,0,0,0,0,0,0,1.570796013,0
2023/02/22/20:32:50.634505,2564,0,0,,1,504,0,10,15,0,0,0,0,0,0,1.570796013,0
2023/02/22/20:32:50.684382,2565,0,0,,1,504,0,10,15,0,0,0,0,0,0,1.570796013,0
2023/02/22/20:32:50.734600,2566,0,0,,1,504,0,10,15,0,0,0,0,0,0,1.570796013,0
2023/02/22/20:32:50.784502,2567,0,0,,1,504,0,10,15,0,0,0,0,0,0,1.570796013,0
2023/02/22/20:32:50.834644,2568,0,0,,1,504,0,10,15,0,0,0,0,0,0,1.570796013,0
2023/02/22/20:32:50.884472,2569,0,0,,1,504,0,10,15,0,0,0,0,0,0,1.570796013,0
2023/02/22/20:32:50.934598,2570,0,0,,1,504,0,10,15,0,0,0,0,0,0,1.570796013,0
2023/02/22/20:32:50.984552,2571,0,0,,1,504,0,10,15,0,0,0,0,0,0,1.570796013,0
2023/02/22/20:32:51.034306,2572,0,0,,1,504,0,10,15,0,0,0,0,0,0,1.570796013,0
2023/02/22/20:32:51.084253,2573,0,0,,1,504,0,10,15,0,0,0,0,0,0,1.570796013,0
2023/02/22/20:32:51.134520,2574,0,0,,1,504,0,10,15,0,0,0,0,0,0,1.570796013,0
2023/02/22/20:32:51.184941,2575,0,0,,1,504,0,10,15,0,0,0,0,0,0,1.570796013,0
2023/02/22/20:32:51.234468,2576,0,0,,1,504,0,10,15,0,0,0,0,0,0,1.570796013,0
2023/02/22/20:32:51.284560,2577,0,0,,1,504,0,10,15,0,0,0,0,0,0,1.570796013,0
2023/02/22/20:32:51.334703,2578,0,0,,1,504,0,10,15,0,0,0,0,0,0,1.570796013,0
2023/02/22/20:32:51.384441,2579,0,0,,1,504,0,10,15,0,0,0,0,0,0,1.570796013,0
2023/02/22/20:32:51.434708,2580,0,0,,1,504,0,10,15,0,0,0,0,0,0,1.570796013,0
2023/02/22/20:32:51.484391,2581,0,0,,1,504,0,10,15,0,0,0,0,0,0,1.570796013,0
2023/02/22/20:32:51.534913,2582,0,0,,1,504,0,10,15,0,0,0,0,0,0,1.570796013,0
2023/02/22/20:32:51.584631,2583,0,0,,1,504,0,10,15,0,0,0,0,0,0,1.570796013,0
2023/02/22/20:32:51.634714,2584,0,0,,1,504,0,10,15,0,0,0,0,0,0,1.570796013,0
2023/02/22/20:32:51.684632,2585,0,0,,1,504,0,10,15,0,0,0,0,0,0,1.570796013,0
2023/02/22/20:32:51.734732,2586,0,0,,1,504,0,10,15,0,0,0,0,0,0,1.570796013,0
2023/02/22/20:32:51.784421,2587,0,0,,1,504,0,10,15,0,0,0,0,0,0,1.570796013,0
2023/02/22/20:32:51.834844,2588,0,0,,1,504,0,10,15,0,0,0,0,0,0,1.570796013,0
2023/02/22/20:32:51.884641,2589,0,0,,1,504,0,10,15,0,0,0,0,0,0,1.570796013,0
2023/02/22/20:32:51.934658,2590,0,0,,1,504,0,10,15,0,0,0,0,0,0,1.570796013,0
2023/02/22/20:32:51.984689,2591,0,0,,1,504,0,10,15,0,0,0,0,0,0,1.570796013,0
2023/02/22/20:32:52.034840,2592,0,0,,1,504,0,10,15,0,0,0,0,0,0,1.570796013,0
2023/02/22/20:32:52.084410,2593,0,0,,1,504,0,10,15,0,0,0,0,0,0,1.570796013,0
2023/02/22/20:32:52.134535,2594,0,0,,1,504,0,10,15,0,0,0,0,0,0,1.570796013,0
2023/02/22/20:32:52.184540,2595,0,0,,1,504,0,10,15,0,0,0,0,0,0,1.570796013,0
2023/02/22/20:32:52.234519,2596,0,0,,1,504,0,10,15,0,0,0,0,0,0,1.570796013,0
2023/02/22/20:32:52.284425,2597,0,0,,1,504,0,10,15,0,0,0,0,0,0,1.570796013,0
2023/02/22/20:32:52.334410,2598,0,0,,1,504,0,10,15,0,0,0,0,0,0,1.570796013,0
2023/02/22/20:32:52.384589,2599,0,0,,1,504,0,10,15,0,0,0,0,0,0,1.570796013,0
2023/02/22/20:32:52.434472,2600,0,0,,1,504,0,10,15,0,0,0,0,0,0,1.570796013,0
2023/02/22/20:32:52.484555,2601,0,0,,1,504,0,10,15,0,0,0,0,0,0,1.570796013,0
2023/02/22/20:32:52.534641,2602,0,0,,1,504,0,10,15,0,0,0,0,0,0,1.570796013,0
2023/02/22/20:32:52.584511,2603,0,0,,1,504,0,10,15,0,0,0,0,0,0,1.570796013,0
2023/02/22/20:32:52.634844,2604,0,0,,1,504,0,10,15,0,0,0,0,0,0,1.570796013,0
2023/02/22/20:32:52.684577,2605,0,0,,1,504,0,10,15,0,0,0,0,0,0,1.570796013,0
2023/02/22/20:32:52.734758,2606,0,0,,1,504,0,10,15,0,0,0,0,0,0,1.570796013,0
2023/02/22/20:32:52.784488,2607,0,0,,1,504,0,10,15,0,0,0,0,0,0,1.570796013,0
2023/02/22/20:32:52.834553,2608,0,0,,1,504,0,10,15,0,0,0,0,0,0,1.570796013,0
2023/02/22/20:32:52.884434,2609,0,0,,1,504,0,10,15,0,0,0,0,0,0,1.570796013,0
2023/02/22/20:32:52.934610,2610,0,0,,1,504,0,10,15,0,0,0,0,0,0,1.570796013,0
2023/02/22/20:32:52.984448,2611,0,0,,1,504,0,10,15,0,0,0,0,0,0,1.570796013,0
2023/02/22/20:32:53.034592,2612,0,0,,1,504,0,10,15,0,0,0,0,0,0,1.570796013,0
2023/02/22/20:32:53.084453,2613,0,0,,1,504,0,10,15,0,0,0,0,0,0,1.570796013,0
2023/02/22/20:32:53.134717,2614,0,0,,1,504,0,10,15,0,0,0,0,0,0,1.570796013,0
2023/02/22/20:32:53.184590,2615,0,0,,1,504,0,10,15,0,0,0,0,0,0,1.570796013,0
2023/02/22/20:32:53.234882,2616,0,0,,1,504,0,10,15,0,0,0,0,0,0,1.570796013,0
2023/02/22/20:32:53.284622,2617,0,0,,1,504,0,10,15,0,0,0,0,0,0,1.570796013,0
2023/02/22/20:32:53.334768,2618,0,0,,1,504,0,10,15,0,0,0,0,0,0,1.570796013,0
2023/02/22/20:32:53.384649,2619,0,0,,1,504,0,10,15,0,0,0,0,0,0,1.570796013,0
2023/02/22/20:32:53.434781,2620,0,0,,1,504,0,10,15,0,0,0,0,0,0,1.570796013,0
2023/02/22/20:32:53.484606,2621,0,0,,1,504,0,10,15,0,0,0,0,0,0,1.570796013,0
2023/02/22/20:32:53.534812,2622,0,0,,1,504,0,10,15,0,0,0,0,0,0,1.570796013,0
2023/02/22/20:32:53.584596,2623,0,0,,1,504,0,10,15,0,0,0,0,0,0,1.570796013,0
2023/02/22/20:32:53.634750,2624,0,0,,1,504,0,10,15,0,0,0,0,0,0,1.570796013,0
2023/02/22/20:32:53.684502,2625,0,0,,1,504,0,10,15,0,0,0,0,0,0,1.570796013,0
2023/02/22/20:32:53.734716,2626,0,0,,1,504,0,10,15,0,0,0,0,0,0,1.570796013,0
2023/02/22/20:32:53.784655,2627,0,0,,1,504,0,10,15,0,0,0,0,0,0,1.570796013,0
2023/02/22/20:32:53.834717,2628,0,0,,1,504,0,10,15,0,0,0,0,0,0,1.570796013,0
2023/02/22/20:32:53.884501,2629,0,0,,1,504,0,10,15,0,0,0,0,0,0,1.570796013,0
2023/02/22/20:32:53.934846,2630,0,0,,1,504,0,10,15,0,0,0,0,0,0,1.570796013,0
2023/02/22/20:32:53.984607,2631,0,0,,1,504,0,10,15,0,0,0,0,0,0,1.570796013,0
2023/02/22/20:32:54.034526,2632,0,0,,1,504,0,10,15,0,0,0,0,0,0,1.570796013,0
2023/02/22/20:32:54.084527,2633,0,0,,1,504,0,10,15,0,0,0,0,0,0,1.570796013,0
2023/02/22/20:32:54.134716,2634,0,0,,1,504,0,10,15,0,0,0,0,0,0,1.570796013,0
2023/02/22/20:32:54.184664,2635,0,0,,1,504,0,10,15,0,0,0,0,0,0,1.570796013,0
2023/02/22/20:32:54.234694,2636,0,0,,1,504,0,10,15,0,0,0,0,0,0,1.570796013,0
2023/02/22/20:32:54.284528,2637,0,0,,1,504,0,10,15,0,0,0,0,0,0,1.570796013,0
2023/02/22/20:32:54.334568,2638,0,0,,1,504,0,10,15,0,0,0,0,0,0,1.570796013,0
2023/02/22/20:32:54.384441,2639,0,0,,1,504,0,10,15,0,0,0,0,0,0,1.570796013,0
2023/02/22/20:32:54.434768,2640,0,0,,1,504,0,10,15,0,0,0,0,0,0,1.570796013,0
2023/02/22/20:32:54.484623,2641,0,0,,1,504,0,10,15,0,0,0,0,0,0,1.570796013,0
2023/02/22/20:32:54.534564,2642,0,0,,1,504,0,10,15,0,0,0,0,0,0,1.570796013,0
2023/02/22/20:32:54.584514,2643,0,0,,1,504,0,10,15,0,0,0,0,0,0,1.570796013,0
2023/02/22/20:32:54.634588,2644,0,0,,1,504,0,10,15,0,0,0,0,0,0,1.570796013,0
2023/02/22/20:32:54.684796,2645,0,0,,1,504,0,10,15,0,0,0,0,0,0,1.570796013,0
2023/02/22/20:32:54.734625,2646,0,0,,1,504,0,10,15,0,0,0,0,0,0,1.570796013,0
2023/02/22/20:32:54.784774,2647,0,0,,1,504,0,10,15,0,0,0,0,0,0,1.570796013,0
2023/02/22/20:32:54.834660,2648,0,0,,1,504,0,10,15,0,0,0,0,0,0,1.570796013,0
2023/02/22/20:32:54.884770,2649,0,0,,1,504,0,10,15,0,0,0,0,0,0,1.570796013,0
2023/02/22/20:32:54.934662,2650,0,0,,1,504,0,10,15,0,0,0,0,0,0,1.570796013,0
2023/02/22/20:32:54.984451,2651,0,0,,1,504,0,10,15,0,0,0,0,0,0,1.570796013,0
2023/02/22/20:32:55.034637,2652,0,0,,1,504,0,10,15,0,0,0,0,0,0,1.570796013,0
2023/02/22/20:32:55.084728,2653,0,0,,1,504,0,10,15,0,0,0,0,0,0,1.570796013,0
2023/02/22/20:32:55.134608,2654,0,0,,1,504,0,10,15,0,0,0,0,0,0,1.570796013,0
2023/02/22/20:32:55.184711,2655,0,0,,1,504,0,10,15,0,0,0,0,0,0,1.570796013,0
2023/02/22/20:32:55.234501,2656,0,0,,1,504,0,10,15,0,0,0,0,0,0,1.570796013,0
2023/02/22/20:32:55.284472,2657,0,0,,1,504,0,10,15,0,0,0,0,0,0,1.570796013,0
2023/02/22/20:32:55.334580,2658,0,0,,1,504,0,10,15,0,0,0,0,0,0,1.570796013,0
2023/02/22/20:32:55.384622,2659,0,0,,1,504,0,10,15,0,0,0,0,0,0,1.570796013,0
2023/02/22/20:32:55.434535,2660,0,0,,1,504,0,10,15,0,0,0,0,0,0,1.570796013,0
2023/02/22/20:32:55.484427,2661,0,0,,1,504,0,10,15,0,0,0,0,0,0,1.570796013,0
2023/02/22/20:32:55.534777,2662,0,0,,1,504,0,10,15,0,0,0,0,0,0,1.570796013,0
2023/02/22/20:32:55.584653,2663,0,0,,1,504,0,10,15,0,0,0,0,0,0,1.570796013,0
2023/02/22/20:32:55.634477,2664,0,0,,1,504,0,10,15,0,0,0,0,0,0,1.570796013,0
2023/02/22/20:32:55.684450,2665,0,0,,1,504,0,10,15,0,0,0,0,0,0,1.570796013,0
2023/02/22/20:32:55.734541,2666,0,0,,1,504,0,10,15,0,0,0,0,0,0,1.570796013,0
2023/02/22/20:32:55.784429,2667,0,0,,1,504,0,10,15,0,0,0,0,0,0,1.570796013,0
2023/02/22/20:32:55.834715,2668,0,0,,1,504,0,10,15,0,0,0,0,0,0,1.570796013,0
2023/02/22/20:32:55.884382,2669,0,0,,1,504,0,10,15,0,0,0,0,0,0,1.570796013,0
2023/02/22/20:32:55.934542,2670,0,0,,1,504,0,10,15,0,0,0,0,0,0,1.570796013,0
2023/02/22/20:32:55.984522,2671,0,0,,1,504,0,10,15,0,0,0,0,0,0,1.570796013,0
2023/02/22/20:32:56.034523,2672,0,0,,1,504,0,10,15,0,0,0,0,0,0,1.570796013,0
2023/02/22/20:32:56.084471,2673,0,0,,1,504,0,10,15,0,0,0,0,0,0,1.570796013,0
2023/02/22/20:32:56.134580,2674,0,0,,1,504,0,10,15,0,0,0,0,0,0,1.570796013,0
2023/02/22/20:32:56.184446,2675,0,0,,1,504,0,10,15,0,0,0,0,0,0,1.570796013,0
2023/02/22/20:32:56.234626,2676,0,0,,1,504,0,10,15,0,0,0,0,0,0,1.570796013,0
2023/02/22/20:32:56.284448,2677,0,0,,1,504,0,10,15,0,0,0,0,0,0,1.570796013,0
2023/02/22/20:32:56.334879,2678,0,0,,1,504,0,10,15,0,0,0,0,0,0,1.570796013,0
2023/02/22/20:32:56.384591,2679,0,0,,1,504,0,10,15,0,0,0,0,0,0,1.570796013,0
2023/02/22/20:32:56.434718,2680,0,0,,1,504,0,10,15,0,0,0,0,0,0,1.570796013,0
2023/02/22/20:32:56.484383,2681,0,0,,1,504,0,10,15,0,0,0,0,0,0,1.570796013,0
2023/02/22/20:32:56.534603,2682,0,0,,1,504,0,10,15,0,0,0,0,0,0,1.570796013,0
2023/02/22/20:32:56.584587,2683,0,0,,1,504,0,10,15,0,0,0,0,0,0,1.570796013,0
2023/02/22/20:32:56.634704,2684,0,0,,1,504,0,10,15,0,0,0,0,0,0,1.570796013,0
2023/02/22/20:32:56.684546,2685,0,0,,1,504,0,10,15,0,0,0,0,0,0,1.570796013,0
2023/02/22/20:32:56.734607,2686,0,0,,1,504,0,10,15,0,0,0,0,0,0,1.570796013,0
2023/02/22/20:32:56.784688,2687,0,0,,1,504,0,10,15,0,0,0,0,0,0,1.570796013,0
2023/02/22/20:32:56.834684,2688,0,0,,1,504,0,10,15,0,0,0,0,0,0,1.570796013,0
2023/02/22/20:32:56.884447,2689,0,0,,1,504,0,10,15,0,0,0,0,0,0,1.570796013,0
2023/02/22/20:32:56.934541,2690,0,0,,1,504,0,10,15,0,0,0,0,0,0,1.570796013,0
2023/02/22/20:32:56.984523,2691,0,0,,1,504,0,10,15,0,0,0,0,0,0,1.570796013,0
2023/02/22/20:32:57.034605,2692,0,0,,1,504,0,10,15,0,0,0,0,0,0,1.570796013,0
2023/02/22/20:32:57.084358,2693,0,0,,1,504,0,10,15,0,0,0,0,0,0,1.570796013,0
2023/02/22/20:32:57.134645,2694,0,0,,1,504,0,10,15,0,0,0,0,0,0,1.570796013,0
2023/02/22/20:32:57.184489,2695,0,0,,1,504,0,10,15,0,0,0,0,0,0,1.570796013,0
2023/02/22/20:32:57.234543,2696,0,0,,1,504,0,10,15,0,0,0,0,0,0,1.570796013,0
2023/02/22/20:32:57.284503,2697,0,0,,1,504,1,10,15,0,0,0,0,0,0,1.570796013,0
2023/02/22/20:32:57.334626,2698,0,0,,1,504,2,10,15,0,0,0,0,0,0,1.570796013,0
2023/02/22/20:32:57.384589,2699,0,0,,1,504,3,10,15,0,0,0,0,0,0,1.570796013,0
2023/02/22/20:32:57.434660,2700,0,0,,1,504,4,10,15,0,0,0,0,0,0,1.570796013,0
2023/02/22/20:32:57.484596,2701,0,0,,1,504,5,10,15,0,0,0,0,0,0,1.570796013,0
2023/02/22/20:32:57.534658,2702,0,0,,1,504,5,10,15,0,0,0,0,0,0,1.570796013,0
2023/02/22/20:32:57.584527,2703,0,0,,1,504,5,10,15,0,0,0,0,0,0,1.570796013,0
2023/02/22/20:32:57.634753,2704,0,0,,1,504,5,10,15,0,0,0,0,0,0,1.570796013,0
2023/02/22/20:32:57.684565,2705,0,0,,1,504,5,10,15,0,0,0,0,0,0,1.570796013,0
2023/02/22/20:32:57.734631,2706,0,0,,1,504,5,10,15,0,0,0,0,0,0,1.570796013,0
2023/02/22/20:32:57.784631,2707,0,0,,1,504,5,10,15,0,0,0,0,0,0,1.570796013,0
2023/02/22/20:32:57.834588,2708,0,0,,1,504,5,10,15,0,0,0,0,0,0,1.570796013,0
2023/02/22/20:32:57.884606,2709,0,0,,1,504,5,10,15,0,0,0,0,0,0,1.570796013,0
2023/02/22/20:32:57.934659,2710,0,0,,1,504,5,10,15,0,0,0,0,0,0,1.570796013,0
2023/02/22/20:32:57.984605,2711,0,0,,1,504,5,10,15,0,0,0,0,0,0,1.570796013,0
2023/02/22/20:32:58.034698,2712,0,0,,1,504,5,10,15,0,0,0,0,0,0,1.570796013,0
2023/02/22/20:32:58.084560,2713,0,0,,1,504,5,10,15,0,0,0,0,0,0,1.570796013,0
2023/02/22/20:32:58.134719,2714,0,0,,1,504,5,10,15,0,0,0,0,0,0,1.570796013,0
2023/02/22/20:32:58.184559,2715,0,0,,1,504,5,10,15,0,0,0,0,0,0,1.570796013,0
2023/02/22/20:32:58.234542,2716,0,0,,1,504,5,10,15,0,0,0,0,0,0,1.570796013,0
2023/02/22/20:32:58.284486,2717,0,0,,1,504,5,10,15,0,0,0,0,0,0,1.570796013,0
2023/02/22/20:32:58.334556,2718,0,0,,1,504,5,10,15,0,0,0,0,0,0,1.570796013,0
2023/02/22/20:32:58.384474,2719,0,0,,1,504,5,10,15,0,0,0,0,0,0,1.570796013,0
2023/02/22/20:32:58.434856,2720,0,0,,1,504,5,10,15,0,0,0,0,0,0,1.570796013,0
2023/02/22/20:32:58.484596,2721,0,0,,1,504,5,10,15,0,0,0,0,0,0,1.570796013,0
2023/02/22/20:32:58.534737,2722,0,0,,1,504,5,10,15,0,0,0,0,0,0,1.570796013,0
2023/02/22/20:32:58.584512,2723,0,0,,1,504,5,10,15,0,0,0,0,0,0,1.570796013,0
2023/02/22/20:32:58.634691,2724,0,0,,1,504,5,10,15,0,0,0,0,0,0,1.570796013,0
2023/02/22/20:32:58.684384,2725,0,0,,1,504,5,10,15,0,0,0,0,0,0,1.570796013,0
2023/02/22/20:32:58.734595,2726,0,0,,1,504,5,10,15,0,0,0,0,0,0,1.570796013,0
2023/02/22/20:32:58.784468,2727,0,0,,1,504,5,10,15,0,0,0,0,0,0,1.570796013,0
2023/02/22/20:32:58.834580,2728,0,0,,1,504,5,10,15,0,0,0,0,0,0,1.570796013,0
2023/02/22/20:32:58.884412,2729,0,0,,1,504,5,10,15,0,0,0,0,0,0,1.570796013,0
2023/02/22/20:32:58.934638,2730,0,0,,1,504,5,10,15,0,0,0,0,0,0,1.570796013,0
2023/02/22/20:32:58.984398,2731,0,0,,1,504,5,10,15,0,0,0,0,0,0,1.570796013,0
2023/02/22/20:32:59.034712,2732,0,0,,1,504,5,10,15,0,0,0,0,0,0,1.570796013,0
2023/02/22/20:32:59.084430,2733,0,0,,1,504,5,10,15,0,0,0,0,0,0,1.570796013,0
2023/02/22/20:32:59.134638,2734,0,0,,1,504,5,10,15,0,0,0,0,0,0,1.570796013,0
2023/02/22/20:32:59.184508,2735,0,0,,1,504,5,10,15,0,0,0,0,0,0,1.570796013,0
2023/02/22/20:32:59.234631,2736,0,0,,1,504,5,10,15,0,0,0,0,0,0,1.570796013,0
2023/02/22/20:32:59.284466,2737,0,0,,1,504,5,10,15,0,0,0,0,0,0,1.570796013,0
2023/02/22/20:32:59.334552,2738,0,0,,1,504,5,10,15,0,0,0,0,0,0,1.570796013,0
2023/02/22/20:32:59.384445,2739,0,0,,1,504,5,10,15,0,0,0,0,0,0,1.570796013,0
2023/02/22/20:32:59.434778,2740,0,0,,1,504,5,10,15,0,0,0,0,0,0,1.570796013,0
2023/02/22/20:32:59.484430,2741,0,0,,1,504,5,10,15,0,0,0,0,0,0,1.570796013,0
2023/02/22/20:32:59.534518,2742,0,0,,1,504,5,10,15,0,0,0,0,0,0,1.570796013,0
2023/02/22/20:32:59.584472,2743,0,0,,1,504,5,10,15,0,0,0,0,0,0,1.570796013,0
2023/02/22/20:32:59.634695,2744,0,0,,1,504,5,10,15,0,0,0,0,0,0,1.570796013,0
2023/02/22/20:32:59.684403,2745,0,0,,1,504,5,10,15,0,0,0,0,0,0,1.570796013,0
2023/02/22/20:32:59.734599,2746,0,0,,1,504,5,10,15,0,0,0,0,0,0,1.570796013,0
2023/02/22/20:32:59.784566,2747,0,0,,1,504,5,10,15,0,0,0,0,0,0,1.570796013,0
2023/02/22/20:32:59.834596,2748,0,0,,1,504,5,10,15,0,0,0,0,0,0,1.570796013,0
2023/02/22/20:32:59.884490,2749,0,0,,1,504,5,10,15,0,0,0,0,0,0,1.570796013,0
2023/02/22/20:32:59.934692,2750,0,0,,1,504,5,10,15,0,0,0,0,0,0,1.570796013,0
2023/02/22/20:32:59.984558,2751,0,0,,1,504,5,10,15,0,0,0,0,0,0,1.570796013,0
2023/02/22/20:33:00.034576,2752,0,0,,1,504,5,10,15,0,0,0,0,0,0,1.570796013,0
2023/02/22/20:33:00.084468,2753,0,0,,1,504,5,10,15,0,0,0,0,0,0,1.570796013,0
2023/02/22/20:33:00.134791,2754,0,0,,1,504,5,10,15,0,0,0,0,0,0,1.570796013,0
2023/02/22/20:33:00.184640,2755,0,0,,1,504,5,10,15,0,0,0,0,0,0,1.570796013,0
2023/02/22/20:33:00.234613,2756,0,0,,1,504,5,10,15,0,0,0,0,0,0,1.570796013,0
2023/02/22/20:33:00.284403,2757,0,0,,1,504,5,10,15,0,0,0,0,0,0,1.570796013,0
2023/02/22/20:33:00.334617,2758,0,0,,1,504,5,10,15,0,0,0,0,0,0,1.570796013,0
2023/02/22/20:33:00.384451,2759,0,0,,1,504,5,10,15,0,0,0,0,0,0,1.570796013,0
2023/02/22/20:33:00.434602,2760,0,0,,1,504,5,10,15,0,0,0,0,0,0,1.570796013,0
2023/02/22/20:33:00.484426,2761,0,0,,1,504,5,10,15,0,0,0,0,0,0,1.570796013,0
2023/02/22/20:33:00.534616,2762,0,0,,1,504,5,10,15,0,0,0,0,0,0,1.570796013,0
2023/02/22/20:33:00.584457,2763,0,0,,1,504,5,10,15,0,0,0,0,0,0,1.570796013,0
2023/02/22/20:33:00.634707,2764,0,0,,1,504,5,10,15,0,0,0,0,0,0,1.570796013,0
2023/02/22/20:33:00.684282,2765,0,0,,1,504,5,10,15,0,0,0,0,0,0,1.570796013,0
2023/02/22/20:33:00.734592,2766,0,0,,1,504,5,10,15,0,0,0,0,0,0,1.570796013,0
2023/02/22/20:33:00.784534,2767,0,0,,1,504,5,10,15,0,0,0,0,0,0,1.570796013,0
2023/02/22/20:33:00.834624,2768,0,0,,1,504,5,10,15,0,0,0,0,0,0,1.570796013,0
2023/02/22/20:33:00.884406,2769,0,0,,1,504,5,10,15,0,0,0,0,0,0,1.570796013,0
2023/02/22/20:33:00.934556,2770,0,0,,1,504,5,10,15,0,0,0,0,0,0,1.570796013,0
2023/02/22/20:33:00.984555,2771,0,0,,1,504,5,10,15,0,0,0,0,0,0,1.570796013,0
2023/02/22/20:33:01.034616,2772,0,0,,1,504,5,10,15,0,0,0,0,0,0,1.570796013,0
2023/02/22/20:33:01.084393,2773,0,0,,1,504,5,10,15,0,0,0,0,0,0,1.570796013,0
2023/02/22/20:33:01.134513,2774,0,0,,1,504,5,10,15,0,0,0,0,0,0,1.570796013,0
2023/02/22/20:33:01.184502,2775,0,0,,1,504,5,10,15,0,0,0,0,0,0,1.570796013,0
2023/02/22/20:33:01.234809,2776,0,0,,1,504,5,10,15,0,0,0,0,0,0,1.570796013,0
2023/02/22/20:33:01.284617,2777,0,0,,1,504,5,10,15,0,0,0,0,0,0,1.570796013,0
2023/02/22/20:33:01.334799,2778,0,0,,1,504,5,10,15,0,0,0,0,0,0,1.570796013,0
2023/02/22/20:33:01.384707,2779,0,0,,1,504,5,10,15,0,0,0,0,0,0,1.570796013,0
2023/02/22/20:33:01.434829,2780,0,0,,1,504,5,10,15,0,0,0,0,0,0,1.570796013,0
2023/02/22/20:33:01.484835,2781,0,0,,1,504,5,10,15,0,0,0,0,0,0,1.570796013,0
2023/02/22/20:33:01.534615,2782,0,0,,1,504,5,10,15,0,0,0,0,0,0,1.570796013,0
2023/02/22/20:33:01.584617,2783,0,0,,1,504,5,10,15,0,0,0,0,0,0,1.570796013,0
2023/02/22/20:33:01.635011,2784,0,0,,1,504,5,10,15,0,0,0,0,0,0,1.570796013,0
2023/02/22/20:33:01.684527,2785,0,0,,1,504,5,10,15,0,0,0,0,0,0,1.570796013,0
2023/02/22/20:33:01.734659,2786,0,0,,1,504,5,10,15,0,0,0,0,0,0,1.570796013,0
2023/02/22/20:33:01.784555,2787,0,0,,1,504,5,10,15,0,0,0,0,0,0,1.570796013,0
2023/02/22/20:33:01.834878,2788,0,0,,1,504,5,10,15,0,0,0,0,0,0,1.570796013,0
2023/02/22/20:33:01.884579,2789,0,0,,1,504,5,10,15,0,0,0,0,0,0,1.570796013,0
2023/02/22/20:33:01.934635,2790,0,0,,1,504,5,10,15,0,0,0,0,0,0,1.570796013,0
2023/02/22/20:33:01.984604,2791,0,0,,1,504,5,10,15,0,0,0,0,0,0,1.570796013,0
2023/02/22/20:33:02.034784,2792,0,0,,1,504,5,10,15,0,0,0,0,0,0,1.570796013,0
2023/02/22/20:33:02.084649,2793,0,0,,1,504,5,10,15,0,0,0,0,0,0,1.570796013,0
2023/02/22/20:33:02.134797,2794,0,0,,1,504,5,10,15,0,0,0,0,0,0,1.570796013,0
2023/02/22/20:33:02.184543,2795,0,0,,1,504,5,10,15,0,0,0,0,0,0,1.570796013,0
2023/02/22/20:33:02.234790,2796,0,0,,1,504,5,10,15,0,0,0,0,0,0,1.570796013,0
2023/02/22/20:33:02.284709,2797,0,0,,1,504,5,10,15,0,0,0,0,0,0,1.570796013,0
2023/02/22/20:33:02.334809,2798,0,0,,1,504,5,10,15,0,0,0,0,0,0,1.570796013,0
2023/02/22/20:33:02.384654,2799,0,0,,1,504,5,10,15,0,0,0,0,0,0,1.570796013,0
2023/02/22/20:33:02.434821,2800,0,0,,1,504,5,10,15,0,0,0,0,0,0,1.570796013,0
2023/02/22/20:33:02.484724,2801,0,0,,1,504,5,10,15,0,0,0,0,0,0,1.570796013,0
2023/02/22/20:33:02.534653,2802,0,0,,1,504,5,10,15,0,0,0,0,0,0,1.570796013,0
2023/02/22/20:33:02.584899,2803,0,0,,1,504,5,10,15,0,0,0,0,0,0,1.570796013,0
2023/02/22/20:33:02.634716,2804,0,0,,1,504,5,10,15,0,0,0,0,0,0,1.570796013,0
2023/02/22/20:33:02.684515,2805,0,0,,1,504,5,10,15,0,0,0,0,0,0,1.570796013,0
2023/02/22/20:33:02.734641,2806,0,0,,1,504,5,10,15,0,0,0,0,0,0,1.570796013,0
2023/02/22/20:33:02.784509,2807,0,0,,1,504,5,10,15,0,0,0,0,0,0,1.570796013,0
2023/02/22/20:33:02.834837,2808,0,0,,1,504,5,10,15,0,0,0,0,0,0,1.570796013,0
2023/02/22/20:33:02.884688,2809,0,0,,1,504,5,10,15,0,0,0,0,0,0,1.570796013,0
2023/02/22/20:33:02.934843,2810,0,0,,1,504,5,10,15,0,0,0,0,0,0,1.570796013,0
2023/02/22/20:33:02.984546,2811,0,0,,1,504,5,10,15,0,0,0,0,0,0,1.570796013,0
2023/02/22/20:33:03.034758,2812,0,0,,1,504,5,10,15,0,0,0,0,0,0,1.570796013,0
2023/02/22/20:33:03.084633,2813,0,0,,1,504,5,10,15,0,0,0,0,0,0,1.570796013,0
2023/02/22/20:33:03.134583,2814,0,0,,1,504,5,10,15,0,0,0,0,0,0,1.570796013,0
2023/02/22/20:33:03.184474,2815,0,0,,1,504,5,10,15,0,0,0,0,0,0,1.570796013,0
2023/02/22/20:33:03.234684,2816,0,0,,1,504,5,10,15,0,0,0,0,0,0,1.570796013,0
2023/02/22/20:33:03.284620,2817,0,0,,1,504,5,10,15,0,0,0,0,0,0,1.570796013,0
2023/02/22/20:33:03.334796,2818,0,0,,1,504,5,10,15,0,0,0,0,0,0,1.570796013,0
2023/02/22/20:33:03.384586,2819,0,0,,1,504,5,10,15,0,0,0,0,0,0,1.570796013,0
2023/02/22/20:33:03.434768,2820,0,0,,1,504,5,10,15,0,0,0,0,0,0,1.570796013,0
2023/02/22/20:33:03.484617,2821,0,0,,1,504,5,10,15,0,0,0,0,0,0,1.570796013,0
2023/02/22/20:33:03.535064,2822,0,0,,1,504,5,10,15,0,0,0,0,0,0,1.570796013,0
2023/02/22/20:33:03.584695,2823,0,0,,1,504,5,10,15,0,0,0,0,0,0,1.570796013,0
2023/02/22/20:33:03.634845,2824,0,0,,1,504,5,10,15,0,0,0,0,0,0,1.570796013,0
2023/02/22/20:33:03.684826,2825,0,0,,1,504,5,10,15,0,0,0,0,0,0,1.570796013,0
2023/02/22/20:33:03.734613,2826,0,0,,1,504,5,10,15,0,0,0,0,0,0,1.570796013,0
2023/02/22/20:33:03.784624,2827,0,0,,1,504,5,10,15,0,0,0,0,0,0,1.570796013,0
2023/02/22/20:33:03.834695,2828,0,0,,1,504,5,10,15,0,0,0,0,0,0,1.570796013,0
2023/02/22/20:33:03.884727,2829,0,0,,1,504,5,10,15,0,0,0,0,0,0,1.570796013,0
2023/02/22/20:33:03.934604,2830,0,0,,1,504,5,10,15,0,0,0,0,0,0,1.570796013,0
2023/02/22/20:33:03.984536,2831,0,0,,1,504,5,10,15,0,0,0,0,0,0,1.570796013,0
2023/02/22/20:33:04.034723,2832,0,0,,1,504,5,10,15,0,0,0,0,0,0,1.570796013,0
2023/02/22/20:33:04.084848,2833,0,0,,1,504,5,10,15,0,0,0,0,0,0,1.570796013,0
2023/02/22/20:33:04.134640,2834,0,0,,1,504,5,10,15,0,0,0,0,0,0,1.570796013,0
2023/02/22/20:33:04.184763,2835,0,0,,1,504,5,10,15,0,0,0,0,0,0,1.570796013,0
2023/02/22/20:33:04.234914,2836,0,0,,1,504,5,10,15,0,0,0,0,0,0,1.570796013,0
2023/02/22/20:33:04.284700,2837,0,0,,1,504,5,10,15,0,0,0,0,0,0,1.570796013,0
2023/02/22/20:33:04.334924,2838,0,0,,1,504,5,10,15,0,0,0,0,0,0,1.570796013,0
2023/02/22/20:33:04.384674,2839,0,0,,1,504,5,10,15,0,0,0,0,0,0,1.570796013,0
2023/02/22/20:33:04.434785,2840,0,0,,1,504,5,10,15,0,0,0,0,0,0,1.570796013,0
2023/02/22/20:33:04.484868,2841,0,0,,1,504,5,10,15,0,0,0,0,0,0,1.570796013,0
2023/02/22/20:33:04.534776,2842,0,0,,1,504,5,10,15,0,0,0,0,0,0,1.570796013,0
2023/02/22/20:33:04.584633,2843,0,0,,1,504,5,10,15,0,0,0,0,0,0,1.570796013,0
2023/02/22/20:33:04.634789,2844,0,0,,1,504,5,10,15,0,0,0,0,0,0,1.570796013,0
2023/02/22/20:33:04.684515,2845,0,0,,1,504,5,10,15,0,0,0,0,0,0,1.570796013,0
2023/02/22/20:33:04.734478,2846,0,0,,1,504,5,10,15,0,0,0,0,0,0,1.570796013,0
2023/02/22/20:33:04.784499,2847,0,0,,1,504,5,10,15,0,0,0,0,0,0,1.570796013,0
2023/02/22/20:33:04.834628,2848,0,0,,1,504,5,10,15,0,0,0,0,0,0,1.570796013,0
2023/02/22/20:33:04.884710,2849,0,0,,1,504,5,10,15,0,0,0,0,0,0,1.570796013,0
2023/02/22/20:33:04.934577,2850,0,0,,1,504,4,8,14,0,0,0,0,0,0,1.570796013,0
2023/02/22/20:33:04.984685,2851,0,0,,1,504,3,6,13,0,0,0,0,0,0,1.570796013,0
2023/02/22/20:33:05.034778,2852,0,0,,1,504,2,4,12,0,0,0,0,0,0,1.570796013,0
2023/02/22/20:33:05.084420,2853,0,0,,1,504,1,2,11,0,0,0,0,0,0,1.570796013,0
2023/02/22/20:33:05.134607,2854,0,0,,1,504,0,0,10,0,0,0,0,0,0,1.570796013,0
2023/02/22/20:33:05.184505,2855,0,0,,1,504,0,0,10,0,0,0,0,0,0,1.570796013,0
2023/02/22/20:33:05.234531,2856,0,0,,1,504,0,0,10,0,0,0,0,0,0,1.570796013,0
2023/02/22/20:33:05.284367,2857,0,0,,1,504,0,0,10,0,0,0,0,0,0,1.570796013,0
2023/02/22/20:33:05.334788,2858,0,0,,1,504,0,0,10,0,0,0,0,0,0,1.570796013,0
2023/02/22/20:33:05.384576,2859,0,0,,1,504,0,0,10,0,0,0,0,0,0,1.570796013,0
2023/02/22/20:33:05.434620,2860,0,0,,1,504,0,0,10,0,0,0,0,0,0,1.570796013,0
2023/02/22/20:33:05.484746,2861,0,0,,1,504,0,0,10,0,0,0,0,0,0,1.570796013,0
2023/02/22/20:33:05.534827,2862,0,0,,1,504,0,0,10,0,0,0,0,0,0,1.570796013,0
2023/02/22/20:33:05.584773,2863,0,0,,1,504,0,0,10,0,0,0,0,0,0,1.570796013,0
2023/02/22/20:33:05.634581,2864,0,0,,1,504,0,0,10,0,0,0,0,0,0,1.570796013,0
2023/02/22/20:33:05.684528,2865,0,0,,1,504,0,0,10,0,0,0,0,0,0,1.570796013,0
2023/02/22/20:33:05.734455,2866,0,0,,1,504,0,0,10,0,0,0,0,0,0,1.570796013,0
2023/02/22/20:33:05.784658,2867,0,0,,1,504,0,0,10,0,0,0,0,0,0,1.570796013,0
2023/02/22/20:33:05.834615,2868,0,0,,1,504,0,0,10,0,0,0,0,0,0,1.570796013,0
2023/02/22/20:33:05.884725,2869,0,0,,1,504,0,0,10,0,0,0,0,0,0,1.570796013,0
2023/02/22/20:33:05.934919,2870,0,0,,1,504,0,0,10,0,0,0,0,0,0,1.570796013,0
2023/02/22/20:33:05.984503,2871,0,0,,1,504,0,0,10,0,0,0,0,0,0,1.570796013,0
2023/02/22/20:33:06.034765,2872,0,0,,1,504,0,0,10,0,0,0,0,0,0,1.570796013,0
2023/02/22/20:33:06.084710,2873,0,0,,1,504,0,0,10,0,0,0,0,0,0,1.570796013,0
2023/02/22/20:33:06.134521,2874,0,0,,1,504,0,0,10,0,0,0,0,0,0,1.570796013,0
2023/02/22/20:33:06.184642,2875,0,0,,1,504,0,0,10,0,0,0,0,0,0,1.570796013,0
2023/02/22/20:33:06.234584,2876,0,0,,1,504,0,0,10,0,0,0,0,0,0,1.570796013,0
2023/02/22/20:33:06.284507,2877,0,0,,1,504,0,0,10,0,0,0,0,0,0,1.570796013,0
2023/02/22/20:33:06.334663,2878,0,0,,1,504,0,0,10,0,0,0,0,0,0,1.570796013,0
2023/02/22/20:33:06.384381,2879,0,0,,1,504,0,0,10,0,0,0,0,0,0,1.570796013,0
2023/02/22/20:33:06.434803,2880,0,0,,1,504,0,0,10,0,0,0,0,0,0,1.570796013,0
2023/02/22/20:33:06.484450,2881,0,0,,1,504,0,0,10,0,0,0,0,0,0,1.570796013,0
2023/02/22/20:33:06.534522,2882,0,0,,1,504,0,0,10,0,0,0,0,0,0,1.570796013,0
2023/02/22/20:33:06.584762,2883,0,0,,1,504,0,0,10,0,0,0,0,0,0,1.570796013,0
2023/02/22/20:33:06.634619,2884,0,0,,1,504,0,0,10,0,0,0,0,0,0,1.570796013,0
2023/02/22/20:33:06.684677,2885,0,0,,1,504,0,0,10,0,0,0,0,0,0,1.570796013,0
2023/02/22/20:33:06.734495,2886,0,0,,1,504,0,0,10,0,0,0,0,0,0,1.570796013,0
2023/02/22/20:33:06.784592,2887,0,0,,1,504,0,0,10,0,0,0,0,0,0,1.570796013,0
2023/02/22/20:33:06.834579,2888,0,0,,1,504,0,0,10,0,0,0,0,0,0,1.570796013,0
2023/02/22/20:33:06.884571,2889,0,0,,1,504,0,0,10,0,0,0,0,0,0,1.570796013,0
2023/02/22/20:33:06.934581,2890,0,0,,1,504,0,0,10,0,0,0,0,0,0,1.570796013,0
2023/02/22/20:33:06.984549,2891,0,0,,1,504,0,0,10,0,0,0,0,0,0,1.570796013,0
2023/02/22/20:33:07.034700,2892,0,0,,1,504,0,0,10,0,0,0,0,0,0,1.570796013,0
2023/02/22/20:33:07.084841,2893,0,0,,1,504,0,0,10,0,0,0,0,0,0,1.570796013,0
2023/02/22/20:33:07.134574,2894,0,0,,1,504,0,0,10,0,0,0,0,0,0,1.570796013,0
2023/02/22/20:33:07.184681,2895,0,0,,1,504,0,0,10,0,0,0,0,0,0,1.570796013,0
2023/02/22/20:33:07.234745,2896,0,0,,1,504,0,0,10,0,0,0,0,0,0,1.570796013,0
2023/02/22/20:33:07.284867,2897,0,0,,1,504,0,0,10,0,0,0,0,0,0,1.570796013,0
2023/02/22/20:33:07.334611,2898,0,0,,1,504,0,0,10,0,0,0,0,0,0,1.570796013,0
2023/02/22/20:33:07.384555,2899,0,0,,1,504,0,0,10,0,0,0,0,0,0,1.570796013,0
2023/02/22/20:33:07.434607,2900,0,0,,1,504,0,0,10,0,0,0,0,0,0,1.570796013,0
2023/02/22/20:33:07.484580,2901,0,0,,1,504,0,0,10,0,0,0,0,0,0,1.570796013,0
2023/02/22/20:33:07.534655,2902,0,0,,1,504,0,0,10,0,0,0,0,0,0,1.570796013,0
2023/02/22/20:33:07.584678,2903,0,0,,1,504,0,0,10,0,0,0,0,0,0,1.570796013,0
2023/02/22/20:33:07.634699,2904,0,0,,1,504,0,0,10,0,0,0,0,0,0,1.570796013,0
2023/02/22/20:33:07.684556,2905,0,0,,1,504,0,0,10,0,0,0,0,0,0,1.570796013,0
2023/02/22/20:33:07.734668,2906,0,0,,1,504,0,0,10,0,0,0,0,0,0,1.570796013,0
2023/02/22/20:33:07.784876,2907,0,0,,1,504,0,0,10,0,0,0,0,0,0,1.570796013,0
2023/02/22/20:33:07.834697,2908,0,0,,1,504,0,0,10,0,0,0,0,0,0,1.570796013,0
2023/02/22/20:33:07.884694,2909,0,0,,1,504,0,0,10,0,0,0,0,0,0,1.570796013,0
2023/02/22/20:33:07.934705,2910,0,0,,1,504,0,0,10,0,0,0,0,0,0,1.570796013,0
2023/02/22/20:33:07.984629,2911,0,0,,1,504,0,0,10,0,0,0,0,0,0,1.570796013,0
2023/02/22/20:33:08.034731,2912,0,0,,1,504,0,0,10,0,0,0,0,0,0,1.570796013,0
2023/02/22/20:33:08.084557,2913,0,0,,1,504,0,0,10,0,0,0,0,0,0,1.570796013,0
2023/02/22/20:33:08.134647,2914,0,0,,1,504,0,0,10,0,0,0,0,0,0,1.570796013,0
2023/02/22/20:33:08.184632,2915,0,0,,1,504,0,0,10,0,0,0,0,0,0,1.570796013,0
2023/02/22/20:33:08.234512,2916,0,0,,1,504,0,0,10,0,0,0,0,0,0,1.570796013,0
2023/02/22/20:33:08.284697,2917,0,0,,1,504,0,0,10,0,0,0,0,0,0,1.570796013,0
2023/02/22/20:33:08.335041,2918,0,0,,1,504,0,0,10,0,0,0,0,0,0,1.570796013,0
2023/02/22/20:33:08.384616,2919,0,0,,1,504,0,0,10,0,0,0,0,0,0,1.570796013,0
2023/02/22/20:33:08.435081,2920,0,0,,1,504,0,0,10,0,0,0,0,0,0,1.570796013,0
2023/02/22/20:33:08.484672,2921,0,0,,1,504,0,0,10,0,0,0,0,0,0,1.570796013,0
2023/02/22/20:33:08.534963,2922,0,0,,1,504,0,0,10,0,0,0,0,0,0,1.570796013,0
2023/02/22/20:33:08.584621,2923,0,0,,1,504,0,0,10,0,0,0,0,0,0,1.570796013,0
2023/02/22/20:33:08.634985,2924,0,0,,1,504,0,0,10,0,0,0,0,0,0,1.570796013,0
2023/02/22/20:33:08.684683,2925,0,0,,1,504,0,0,10,0,0,0,0,0,0,1.570796013,0
2023/02/22/20:33:08.735040,2926,0,0,,1,504,0,0,10,0,0,0,0,0,0,1.570796013,0
2023/02/22/20:33:08.784615,2927,0,0,,1,504,0,0,10,0,0,0,0,0,0,1.570796013,0
2023/02/22/20:33:08.834653,2928,0,0,,1,504,0,0,10,0,0,0,0,0,0,1.570796013,0
2023/02/22/20:33:08.884790,2929,0,0,,1,504,0,0,10,0,0,0,0,0,0,1.570796013,0
2023/02/22/20:33:08.934599,2930,0,0,,1,504,0,0,10,0,0,0,0,0,0,1.570796013,0
2023/02/22/20:33:08.984687,2931,0,0,,1,504,0,0,10,0,0,0,0,0,0,1.570796013,0
2023/02/22/20:33:09.034572,2932,0,0,,1,504,0,0,10,0,0,0,0,0,0,1.570796013,0
2023/02/22/20:33:09.084748,2933,0,0,,1,504,0,0,10,0,0,0,0,0,0,1.570796013,0
2023/02/22/20:33:09.134604,2934,0,0,,1,504,0,0,10,0,0,0,0,0,0,1.570796013,0
2023/02/22/20:33:09.184679,2935,0,0,,1,504,0,0,10,0,0,0,0,0,0,1.570796013,0
2023/02/22/20:33:09.234625,2936,0,0,,1,504,0,0,10,0,0,0,0,0,0,1.570796013,0
2023/02/22/20:33:09.284428,2937,0,0,,1,504,0,0,10,0,0,0,0,0,0,1.570796013,0
2023/02/22/20:33:09.334750,2938,0,0,,1,504,0,0,10,0,0,0,0,0,0,1.570796013,0
2023/02/22/20:33:09.384844,2939,0,0,,1,504,0,0,10,0,0,0,0,0,0,1.570796013,0
2023/02/22/20:33:09.434541,2940,0,0,,1,504,0,0,10,0,0,0,0,0,0,1.570796013,0
2023/02/22/20:33:09.484692,2941,0,0,,1,504,0,0,10,0,0,0,0,0,0,1.570796013,0
2023/02/22/20:33:09.534551,2942,0,0,,1,504,0,0,10,0,0,0,0,0,0,1.570796013,0
2023/02/22/20:33:09.584501,2943,0,0,,1,504,0,0,10,0,0,0,0,0,0,1.570796013,0
2023/02/22/20:33:09.634507,2944,0,0,,1,504,0,0,10,0,0,0,0,0,0,1.570796013,0
2023/02/22/20:33:09.684641,2945,0,0,,1,504,0,0,10,0,0,0,0,0,0,1.570796013,0
2023/02/22/20:33:09.734666,2946,0,0,,1,504,0,0,10,0,0,0,0,0,0,1.570796013,0
2023/02/22/20:33:09.784480,2947,0,0,,1,504,0,0,10,0,0,0,0,0,0,1.570796013,0
2023/02/22/20:33:09.834722,2948,0,0,,1,504,0,0,10,0,0,0,0,0,0,1.570796013,0
2023/02/22/20:33:09.884630,2949,0,0,,1,504,0,0,10,0,0,0,0,0,0,1.570796013,0
2023/02/22/20:33:09.934943,2950,0,0,,1,504,0,0,10,0,0,0,0,0,0,1.570796013,0
2023/02/22/20:33:09.984734,2951,0,0,,1,504,0,0,10,0,0,0,0,0,0,1.570796013,0
2023/02/22/20:33:10.034636,2952,0,0,,1,504,0,0,10,0,0,0,0,0,0,1.570796013,0
2023/02/22/20:33:10.084690,2953,0,0,,1,504,0,0,10,0,0,0,0,0,0,1.570796013,0
2023/02/22/20:33:10.134523,2954,0,0,,1,504,0,0,10,0,0,0,0,0,0,1.570796013,0
2023/02/22/20:33:10.184686,2955,0,0,,1,504,0,0,10,0,0,0,0,0,0,1.570796013,0
2023/02/22/20:33:10.234534,2956,0,0,,1,504,0,0,10,0,0,0,0,0,0,1.570796013,0
2023/02/22/20:33:10.284636,2957,0,0,,1,504,0,0,10,0,0,0,0,0,0,1.570796013,0
2023/02/22/20:33:10.334703,2958,0,0,,1,504,0,0,10,0,0,0,0,0,0,1.570796013,0
2023/02/22/20:33:10.384493,2959,0,0,,1,504,0,0,10,0,0,0,0,0,0,1.570796013,0
2023/02/22/20:33:10.434690,2960,0,0,,1,504,0,0,10,0,0,0,0,0,0,1.570796013,0
2023/02/22/20:33:10.484640,2961,0,0,,1,504,0,0,10,0,0,0,0,0,0,1.570796013,0
2023/02/22/20:33:10.534597,2962,0,0,,1,504,0,0,10,0,0,0,0,0,0,1.570796013,0
2023/02/22/20:33:10.584996,2963,0,0,,1,504,0,0,10,0,0,0,0,0,0,1.570796013,0
2023/02/22/20:33:10.634619,2964,0,0,,1,504,0,0,10,0,0,0,0,0,0,1.570796013,0
2023/02/22/20:33:10.684714,2965,0,0,,1,504,0,0,10,0,0,0,0,0,0,1.570796013,0
2023/02/22/20:33:10.734770,2966,0,0,,1,504,0,0,10,0,0,0,0,0,0,1.570796013,0
2023/02/22/20:33:10.784505,2967,0,0,,1,504,0,0,10,0,0,0,0,0,0,1.570796013,0
2023/02/22/20:33:10.834469,2968,0,0,,1,504,0,0,10,0,0,0,0,0,0,1.570796013,0
2023/02/22/20:33:10.884414,2969,0,0,,1,504,0,0,10,0,0,0,0,0,0,1.570796013,0
2023/02/22/20:33:10.934473,2970,0,0,,1,504,0,0,10,0,0,0,0,0,0,1.570796013,0
2023/02/22/20:33:10.984493,2971,0,0,,1,504,0,0,10,0,0,0,0,0,0,1.570796013,0
2023/02/22/20:33:11.034528,2972,0,0,,1,504,0,0,10,0,0,0,0,0,0,1.570796013,0
2023/02/22/20:33:11.084569,2973,0,0,,1,504,0,0,10,0,0,0,0,0,0,1.570796013,0
2023/02/22/20:33:11.134600,2974,0,0,,1,504,0,0,10,0,0,0,0,0,0,1.570796013,0
2023/02/22/20:33:11.184575,2975,0,0,,1,504,0,0,10,0,0,0,0,0,0,1.570796013,0
2023/02/22/20:33:11.234637,2976,0,0,,1,504,0,0,10,0,0,0,0,0,0,1.570796013,0
2023/02/22/20:33:11.284568,2977,0,0,,1,504,0,0,10,0,0,0,0,0,0,1.570796013,0
2023/02/22/20:33:11.334616,2978,0,0,,1,504,0,0,10,0,0,0,0,0,0,1.570796013,0
2023/02/22/20:33:11.384543,2979,0,0,,1,504,0,0,10,0,0,0,0,0,0,1.570796013,0
2023/02/22/20:33:11.434634,2980,0,0,,1,504,0,0,10,0,0,0,0,0,0,1.570796013,0
2023/02/22/20:33:11.484534,2981,0,0,,1,504,0,0,10,0,0,0,0,0,0,1.570796013,0
2023/02/22/20:33:11.534711,2982,0,0,,1,504,0,0,10,0,0,0,0,0,0,1.570796013,0
2023/02/22/20:33:11.584686,2983,0,0,,1,504,0,0,10,0,0,0,0,0,0,1.570796013,0
2023/02/22/20:33:11.634933,2984,0,0,,1,504,0,0,10,0,0,0,0,0,0,1.570796013,0
2023/02/22/20:33:11.684558,2985,0,0,,1,504,0,0,10,0,0,0,0,0,0,1.570796013,0
2023/02/22/20:33:11.734944,2986,0,0,,1,504,0,0,10,0,0,0,0,0,0,1.570796013,0
2023/02/22/20:33:11.784773,2987,0,0,,1,504,0,0,10,0,0,0,0,0,0,1.570796013,0
2023/02/22/20:33:11.834769,2988,0,0,,1,504,0,1,10,0,0,0,0,0,0,1.570796013,0
2023/02/22/20:33:11.884647,2989,0,0,,1,504,0,2,10,0,0,0,0,0,0,1.570796013,0
2023/02/22/20:33:11.935022,2990,0,0,,1,504,0,3,10,0,0,0,0,0,0,1.570796013,0
2023/02/22/20:33:11.984614,2991,0,0,,1,504,0,4,10,0,0,0,0,0,0,1.570796013,0
2023/02/22/20:33:12.034999,2992,0,0,,1,504,0,5,10,0,0,0,0,0,0,1.570796013,0
2023/02/22/20:33:12.084651,2993,0,0,,1,504,0,6,10,0,0,0,0,0,0,1.570796013,0
2023/02/22/20:33:12.134609,2994,0,0,,1,504,0,7,10,0,0,0,0,0,0,1.570796013,0
2023/02/22/20:33:12.184567,2995,0,0,,1,504,0,8,10,0,0,0,0,0,0,1.570796013,0
2023/02/22/20:33:12.234457,2996,0,0,,1,504,0,9,10,0,0,0,0,0,0,1.570796013,0
2023/02/22/20:33:12.284394,2997,0,0,,1,504,0,0,10,0,0,0,0,0,0,1.570796013,0
2023/02/22/20:33:12.334483,2998,0,0,,1,504,0,0,10,0,0,0,0,0,0,1.570796013,0
2023/02/22/20:33:12.384561,2999,0,0,,1,504,0,0,10,0,0,0,0,0,0,1.570796013,0
2023/02/22/20:33:12.434592,3000,0,0,,1,504,0,0,10,0,0,0,0,0,0,1.570796013,0
2023/02/22/20:33:12.484535,3001,0,0,,1,504,0,10,10,0,0,0,0,0,0,1.570796013,0
2023/02/22/20:33:12.534648,3002,0,0,,1,504,0,10,10,0,0,0,0,0,0,1.570796013,0
2023/02/22/20:33:12.584951,3003,0,0,,1,504,0,10,10,0,0,0,0,0,0,1.570796013,0
2023/02/22/20:33:12.634858,3004,0,0,,1,504,0,10,10,0,0,0,0,0,0,1.570796013,0
2023/02/22/20:33:12.684919,3005,0,0,,1,504,0,10,10,0,0,0,0,0,0,1.570796013,0
2023/02/22/20:33:12.734698,3006,0,0,,1,504,0,10,10,0,0,0,0,0,0,1.570796013,0
2023/02/22/20:33:12.784526,3007,0,0,,1,504,0,10,10,0,0,0,0,0,0,1.570796013,0
2023/02/22/20:33:12.834620,3008,0,0,,1,504,0,10,10,0,0,0,0,0,0,1.570796013,0
2023/02/22/20:33:12.884567,3009,0,0,,1,504,0,10,10,0,0,0,0,0,0,1.570796013,0
2023/02/22/20:33:12.934525,3010,0,0,,1,504,0,10,10,0,0,0,0,0,0,1.570796013,0
2023/02/22/20:33:12.984584,3011,0,0,,1,504,0,10,10,0,0,0,0,0,0,1.570796013,0
2023/02/22/20:33:13.034686,3012,0,0,,1,504,0,10,10,0,0,0,0,0,0,1.570796013,0
2023/02/22/20:33:13.084478,3013,0,0,,1,504,0,10,10,0,0,0,0,0,0,1.570796013,0
2023/02/22/20:33:13.134877,3014,0,0,,1,504,0,10,10,0,0,0,0,0,0,1.570796013,0
2023/02/22/20:33:13.184473,3015,0,0,,1,504,0,10,10,0,0,0,0,0,0,1.570796013,0
2023/02/22/20:33:13.234823,3016,0,0,,1,504,0,10,10,0,0,0,0,0,0,1.570796013,0
2023/02/22/20:33:13.284807,3017,0,0,,1,504,0,10,10,0,0,0,0,0,0,1.570796013,0
2023/02/22/20:33:13.334654,3018,0,0,,1,504,0,10,10,0,0,0,0,0,0,1.570796013,0
2023/02/22/20:33:13.384754,3019,0,0,,1,504,0,10,10,0,0,0,0,0,0,1.570796013,0
2023/02/22/20:33:13.434754,3020,0,0,,1,504,0,10,10,0,0,0,0,0,0,1.570796013,0
2023/02/22/20:33:13.484529,3021,0,0,,1,504,0,10,10,0,0,0,0,0,0,1.570796013,0
2023/02/22/20:33:13.534515,3022,0,0,,1,504,0,10,10,0,0,0,0,0,0,1.570796013,0
2023/02/22/20:33:13.584432,3023,0,0,,1,504,0,10,10,0,0,0,0,0,0,1.570796013,0
2023/02/22/20:33:13.634548,3024,0,0,,1,504,0,10,10,0,0,0,0,0,0,1.570796013,0
2023/02/22/20:33:13.684645,3025,0,0,,1,504,0,10,10,0,0,0,0,0,0,1.570796013,0
2023/02/22/20:33:13.734652,3026,0,0,,1,504,0,10,10,0,0,0,0,0,0,1.570796013,0
2023/02/22/20:33:13.784489,3027,0,0,,1,504,0,10,10,0,0,0,0,0,0,1.570796013,0
2023/02/22/20:33:13.834699,3028,0,0,,1,504,0,10,10,0,0,0,0,0,0,1.570796013,0
2023/02/22/20:33:13.884407,3029,0,0,,1,504,0,10,10,0,0,0,0,0,0,1.570796013,0
2023/02/22/20:33:13.934647,3030,0,0,,1,504,0,10,10,0,0,0,0,0,0,1.570796013,0
2023/02/22/20:33:13.984623,3031,0,0,,1,504,0,10,10,0,0,0,0,0,0,1.570796013,0
2023/02/22/20:33:14.034692,3032,0,0,,1,504,0,10,10,0,0,0,0,0,0,1.570796013,0
2023/02/22/20:33:14.084796,3033,0,0,,1,504,0,10,10,0,0,0,0,0,0,1.570796013,0
2023/02/22/20:33:14.134637,3034,0,0,,1,504,0,10,10,0,0,0,0,0,0,1.570796013,0
2023/02/22/20:33:14.184450,3035,0,0,,1,504,0,10,10,0,0,0,0,0,0,1.570796013,0
2023/02/22/20:33:14.234603,3036,0,0,,1,504,0,10,10,0,0,0,0,0,0,1.570796013,0
2023/02/22/20:33:14.284520,3037,0,0,,1,504,0,10,10,0,0,0,0,0,0,1.570796013,0
2023/02/22/20:33:14.334717,3038,0,0,,1,504,0,10,10,0,0,0,0,0,0,1.570796013,0
2023/02/22/20:33:14.384536,3039,0,0,,1,504,0,10,10,0,0,0,0,0,0,1.570796013,0
2023/02/22/20:33:14.434781,3040,0,0,,1,504,0,10,10,0,0,0,0,0,0,1.570796013,0
2023/02/22/20:33:14.484416,3041,0,0,,1,504,0,10,10,0,0,0,0,0,0,1.570796013,0
2023/02/22/20:33:14.534856,3042,0,0,,1,504,0,10,10,0,0,0,0,0,0,1.570796013,0
2023/02/22/20:33:14.584493,3043,0,0,,1,504,0,10,10,0,0,0,0,0,0,1.570796013,0
2023/02/22/20:33:14.634656,3044,0,0,,1,504,0,10,10,0,0,0,0,0,0,1.570796013,0
2023/02/22/20:33:14.684957,3045,0,0,,1,504,0,10,10,0,0,0,0,0,0,1.570796013,0
2023/02/22/20:33:14.734703,3046,0,0,,1,504,0,10,10,0,0,0,0,0,0,1.570796013,0
2023/02/22/20:33:14.784622,3047,0,0,,1,504,0,10,10,0,0,0,0,0,0,1.570796013,0
2023/02/22/20:33:14.834535,3048,0,0,,1,504,0,10,10,0,0,0,0,0,0,1.570796013,0
2023/02/22/20:33:14.884444,3049,0,0,,1,504,0,10,10,0,0,0,0,0,0,1.570796013,0
2023/02/22/20:33:14.934507,3050,0,0,,1,504,0,10,10,0,0,0,0,0,0,1.570796013,0
2023/02/22/20:33:14.984602,3051,0,0,,1,504,0,10,10,0,0,0,0,0,0,1.570796013,0
2023/02/22/20:33:15.034646,3052,0,0,,1,504,0,10,10,0,0,0,0,0,0,1.570796013,0
2023/02/22/20:33:15.084641,3053,0,0,,1,504,0,10,10,0,0,0,0,0,0,1.570796013,0
2023/02/22/20:33:15.134588,3054,0,0,,1,504,0,10,10,0,0,0,0,0,0,1.570796013,0
2023/02/22/20:33:15.184508,3055,0,0,,1,504,0,10,10,0,0,0,0,0,0,1.570796013,0
2023/02/22/20:33:15.234558,3056,0,0,,1,504,0,10,10,0,0,0,0,0,0,1.570796013,0
2023/02/22/20:33:15.284520,3057,0,0,,1,504,0,10,10,0,0,0,0,0,0,1.570796013,0
2023/02/22/20:33:15.334414,3058,0,0,,1,504,0,10,10,0,0,0,0,0,0,1.570796013,0
2023/02/22/20:33:15.384563,3059,0,0,,1,504,0,10,10,0,0,0,0,0,0,1.570796013,0
2023/02/22/20:33:15.434585,3060,0,0,,1,504,0,10,10,0,0,0,0,0,0,1.570796013,0
2023/02/22/20:33:15.484328,3061,0,0,,1,504,0,10,10,0,0,0,0,0,0,1.570796013,0
2023/02/22/20:33:15.534587,3062,0,0,,1,504,0,10,10,0,0,0,0,0,0,1.570796013,0
2023/02/22/20:33:15.584583,3063,0,0,,1,504,0,10,10,0,0,0,0,0,0,1.570796013,0
2023/02/22/20:33:15.634601,3064,0,0,,1,504,0,10,10,0,0,0,0,0,0,1.570796013,0
2023/02/22/20:33:15.684804,3065,0,0,,1,504,0,10,10,0,0,0,0,0,0,1.570796013,0
2023/02/22/20:33:15.734721,3066,0,0,,1,504,0,10,10,0,0,0,0,0,0,1.570796013,0
2023/02/22/20:33:15.784649,3067,0,0,,1,504,0,10,10,0,0,0,0,0,0,1.570796013,0
2023/02/22/20:33:15.834422,3068,0,0,,1,504,0,10,10,0,0,0,0,0,0,1.570796013,0
2023/02/22/20:33:15.884401,3069,0,0,,1,504,0,10,10,0,0,0,0,0,0,1.570796013,0
2023/02/22/20:33:15.934848,3070,0,0,,1,504,0,10,10,0,0,0,0,0,0,1.570796013,0
2023/02/22/20:33:15.984761,3071,0,0,,1,504,0,10,10,0,0,0,0,0,0,1.570796013,0
2023/02/22/20:33:16.034619,3072,0,0,,1,504,0,10,10,0,0,0,0,0,0,1.570796013,0
2023/02/22/20:33:16.084538,3073,0,0,,1,504,0,10,10,0,0,0,0,0,0,1.570796013,0
2023/02/22/20:33:16.134493,3074,0,0,,1,504,0,10,10,0,0,0,0,0,0,1.570796013,0
2023/02/22/20:33:16.184510,3075,0,0,,1,504,0,10,10,0,0,0,0,0,0,1.570796013,0
2023/02/22/20:33:16.234512,3076,0,0,,1,504,0,10,10,0,0,0,0,0,0,1.570796013,0
2023/02/22/20:33:16.284521,3077,0,0,,1,504,0,10,10,0,0,0,0,0,0,1.570796013,0
2023/02/22/20:33:16.334746,3078,0,0,,1,504,0,10,10,0,0,0,0,0,0,1.570796013,0
2023/02/22/20:33:16.384413,3079,0,0,,1,504,0,10,10,0,0,0,0,0,0,1.570796013,0
2023/02/22/20:33:16.434638,3080,0,0,,1,504,0,10,10,0,0,0,0,0,0,1.570796013,0
2023/02/22/20:33:16.484760,3081,0,0,,1,504,0,10,10,0,0,0,0,0,0,1.570796013,0
2023/02/22/20:33:16.534777,3082,0,0,,1,504,0,10,10,0,0,0,0,0,0,1.570796013,0
2023/02/22/20:33:16.584569,3083,0,0,,1,504,0,10,10,0,0,0,0,0,0,1.570796013,0
2023/02/22/20:33:16.634752,3084,0,0,,1,504,0,10,10,0,0,0,0,0,0,1.570796013,0
2023/02/22/20:33:16.684455,3085,0,0,,1,504,0,10,10,0,0,0,0,0,0,1.570796013,0
2023/02/22/20:33:16.734634,3086,0,0,,1,504,0,10,10,0,0,0,0,0,0,1.570796013,0
2023/02/22/20:33:16.784575,3087,0,0,,1,504,0,10,10,0,0,0,0,0,0,1.570796013,0
2023/02/22/20:33:16.834643,3088,0,0,,1,504,0,10,10,0,0,0,0,0,0,1.570796013,0
2023/02/22/20:33:16.884724,3089,0,0,,1,504,0,10,10,0,0,0,0,0,0,1.570796013,0
2023/02/22/20:33:16.934624,3090,0,0,,1,504,0,10,10,0,0,0,0,0,0,1.570796013,0
2023/02/22/20:33:16.984558,3091,0,0,,1,504,0,10,10,0,0,0,0,0,0,1.570796013,0
2023/02/22/20:33:17.034605,3092,0,0,,1,504,0,10,10,0,0,0,0,0,0,1.570796013,0
2023/02/22/20:33:17.084639,3093,0,0,,1,504,0,10,10,0,0,0,0,0,0,1.570796013,0
2023/02/22/20:33:17.134559,3094,0,0,,1,504,0,10,10,0,0,0,0,0,0,1.570796013,0
2023/02/22/20:33:17.184537,3095,0,0,,1,504,0,10,10,0,0,0,0,0,0,1.570796013,0
2023/02/22/20:33:17.234591,3096,0,0,,1,504,0,10,10,0,0,0,0,0,0,1.570796013,0
2023/02/22/20:33:17.284922,3097,0,0,,1,504,0,10,10,0,0,0,0,0,0,1.570796013,0
2023/02/22/20:33:17.334426,3098,0,0,,1,504,0,10,10,0,0,0,0,0,0,1.570796013,0
2023/02/22/20:33:17.384413,3099,0,0,,1,504,0,10,10,0,0,0,0,0,0,1.570796013,0
2023/02/22/20:33:17.434835,3100,0,0,,1,504,0,10,10,0,0,0,0,0,0,1.570796013,0
2023/02/22/20:33:17.484596,3101,0,0,,1,504,0,10,10,0,0,0,0,0,0,1.570796013,0
2023/02/22/20:33:17.534493,3102,0,0,,1,504,0,10,10,0,0,0,0,0,0,1.570796013,0
2023/02/22/20:33:17.584512,3103,0,0,,1,504,0,10,10,0,0,0,0,0,0,1.570796013,0
2023/02/22/20:33:17.634478,3104,0,0,,1,504,0,10,10,0,0,0,0,0,0,1.570796013,0
2023/02/22/20:33:17.684316,3105,0,0,,1,504,0,10,10,0,0,0,0,0,0,1.570796013,0
2023/02/22/20:33:17.734693,3106,0,0,,1,504,0,10,10,0,0,0,0,0,0,1.570796013,0
2023/02/22/20:33:17.784500,3107,0,0,,1,504,0,10,10,0,0,0,0,0,0,1.570796013,0
2023/02/22/20:33:17.834429,3108,0,0,,1,504,0,10,10,0,0,0,0,0,0,1.570796013,0
2023/02/22/20:33:17.884877,3109,0,0,,1,504,0,10,10,0,0,0,0,0,0,1.570796013,0
2023/02/22/20:33:17.934721,3110,0,0,,1,504,0,10,10,0,0,0,0,0,0,1.570796013,0
2023/02/22/20:33:17.984575,3111,0,0,,1,504,0,10,10,0,0,0,0,0,0,1.570796013,0
2023/02/22/20:33:18.034540,3112,0,0,,1,504,0,10,10,0,0,0,0,0,0,1.570796013,0
2023/02/22/20:33:18.084424,3113,0,0,,1,504,0,10,10,0,0,0,0,0,0,1.570796013,0
2023/02/22/20:33:18.134496,3114,0,0,,1,504,0,10,10,0,0,0,0,0,0,1.570796013,0
2023/02/22/20:33:18.184603,3115,0,0,,1,504,0,10,10,0,0,0,0,0,0,1.570796013,0
2023/02/22/20:33:18.234455,3116,0,0,,1,504,0,10,10,0,0,0,0,0,0,1.570796013,0
2023/02/22/20:33:18.284529,3117,0,0,,1,504,0,10,10,0,0,0,0,0,0,1.570796013,0
2023/02/22/20:33:18.334480,3118,0,0,,1,504,0,10,10,0,0,0,0,0,0,1.570796013,0
2023/02/22/20:33:18.384470,3119,0,0,,1,504,0,10,10,0,0,0,0,0,0,1.570796013,0
2023/02/22/20:33:18.434465,3120,0,0,,1,504,0,10,10,0,0,0,0,0,0,1.570796013,0
2023/02/22/20:33:18.484632,3121,0,0,,1,504,0,10,10,0,0,0,0,0,0,1.570796013,0
2023/02/22/20:33:18.534594,3122,0,0,,1,504,0,10,10,0,0,0,0,0,0,1.570796013,0
2023/02/22/20:33:18.584499,3123,0,0,,1,504,0,10,10,0,0,0,0,0,0,1.570796013,0
2023/02/22/20:33:18.634543,3124,0,0,,1,504,0,10,10,0,0,0,0,0,0,1.570796013,0
2023/02/22/20:33:18.684373,3125,0,0,,1,504,0,10,10,0,0,0,0,0,0,1.570796013,0
2023/02/22/20:33:18.734602,3126,0,0,,1,504,0,10,10,0,0,0,0,0,0,1.570796013,0
2023/02/22/20:33:18.784446,3127,0,0,,1,504,0,10,10,0,0,0,0,0,0,1.570796013,0
2023/02/22/20:33:18.834583,3128,0,0,,1,504,0,10,10,0,0,0,0,0,0,1.570796013,0
2023/02/22/20:33:18.884489,3129,0,0,,1,504,0,10,10,0,0,0,0,0,0,1.570796013,0
2023/02/22/20:33:18.934535,3130,0,0,,1,504,0,10,10,0,0,0,0,0,0,1.570796013,0
2023/02/22/20:33:18.984478,3131,0,0,,1,504,0,10,10,0,0,0,0,0,0,1.570796013,0
2023/02/22/20:33:19.034474,3132,0,0,,1,504,0,10,10,0,0,0,0,0,0,1.570796013,0
2023/02/22/20:33:19.084377,3133,0,0,,1,504,0,10,10,0,0,0,0,0,0,1.570796013,0
2023/02/22/20:33:19.134532,3134,0,0,,1,504,0,10,10,0,0,0,0,0,0,1.570796013,0
2023/02/22/20:33:19.184432,3135,0,0,,1,504,0,10,10,0,0,0,0,0,0,1.570796013,0
2023/02/22/20:33:19.234789,3136,0,0,,1,504,0,10,10,0,0,0,0,0,0,1.570796013,0
2023/02/22/20:33:19.284497,3137,0,0,,1,504,0,10,10,0,0,0,0,0,0,1.570796013,0
2023/02/22/20:33:19.334541,3138,0,0,,1,504,0,10,10,0,0,0,0,0,0,1.570796013,0
2023/02/22/20:33:19.384552,3139,0,0,,1,504,0,10,10,0,0,0,0,0,0,1.570796013,0
2023/02/22/20:33:19.434566,3140,0,0,,1,504,0,10,10,0,0,0,0,0,0,1.570796013,0
2023/02/22/20:33:19.484492,3141,0,0,,1,504,0,10,10,0,0,0,0,0,0,1.570796013,0
2023/02/22/20:33:19.534557,3142,0,0,,1,504,0,10,10,0,0,0,0,0,0,1.570796013,0
2023/02/22/20:33:19.584437,3143,0,0,,1,504,0,10,10,0,0,0,0,0,0,1.570796013,0
2023/02/22/20:33:19.634520,3144,0,0,,1,504,0,10,10,0,0,0,0,0,0,1.570796013,0
2023/02/22/20:33:19.684550,3145,0,0,,1,504,0,10,10,0,0,0,0,0,0,1.570796013,0
2023/02/22/20:33:19.734750,3146,0,0,,1,504,0,10,10,0,0,0,0,0,0,1.570796013,0
2023/02/22/20:33:19.784445,3147,0,0,,1,504,0,10,10,0,0,0,0,0,0,1.570796013,0
2023/02/22/20:33:19.834629,3148,0,0,,1,504,0,10,10,0,0,0,0,0,0,1.570796013,0
2023/02/22/20:33:19.884611,3149,0,0,,1,504,0,10,10,0,0,0,0,0,0,1.570796013,0
2023/02/22/20:33:19.934584,3150,0,0,,1,504,0,10,11,0,0,0,0,0,0,1.570796013,0
2023/02/22/20:33:19.984494,3151,0,0,,1,504,0,10,12,0,0,0,0,0,0,1.570796013,0
2023/02/22/20:33:20.034585,3152,0,0,,1,504,0,10,13,0,0,0,0,0,0,1.570796013,0
2023/02/22/20:33:20.084508,3153,0,0,,1,504,0,10,14,0,0,0,0,0,0,1.570796013,0
2023/02/22/20:33:20.134509,3154,0,0,,1,504,0,10,15,0,0,0,0,0,0,1.570796013,0
2023/02/22/20:33:20.184492,3155,0,0,,1,504,0,10,15,0,0,0,0,0,0,1.570796013,0
2023/02/22/20:33:20.234631,3156,0,0,,1,504,0,10,15,0,0,0,0,0,0,1.570796013,0
2023/02/22/20:33:20.284872,3157,0,0,,1,504,0,10,15,0,0,0,0,0,0,1.570796013,0
2023/02/22/20:33:20.334831,3158,0,0,,1,504,0,10,15,0,0,0,0,0,0,1.570796013,0
2023/02/22/20:33:20.384651,3159,0,0,,1,504,0,10,15,0,0,0,0,0,0,1.570796013,0
2023/02/22/20:33:20.434838,3160,0,0,,1,504,0,10,15,0,0,0,0,0,0,1.570796013,0
2023/02/22/20:33:20.484532,3161,0,0,,1,504,0,10,15,0,0,0,0,0,0,1.570796013,0
2023/02/22/20:33:20.534502,3162,0,0,,1,504,0,10,15,0,0,0,0,0,0,1.570796013,0
2023/02/22/20:33:20.584439,3163,0,0,,1,504,0,10,15,0,0,0,0,0,0,1.570796013,0
2023/02/22/20:33:20.634598,3164,0,0,,1,504,0,10,15,0,0,0,0,0,0,1.570796013,0
2023/02/22/20:33:20.684550,3165,0,0,,1,504,0,10,15,0,0,0,0,0,0,1.570796013,0
2023/02/22/20:33:20.734576,3166,0,0,,1,504,0,10,15,0,0,0,0,0,0,1.570796013,0
2023/02/22/20:33:20.784484,3167,0,0,,1,504,0,10,15,0,0,0,0,0,0,1.570796013,0
2023/02/22/20:33:20.834572,3168,0,0,,1,504,0,10,15,0,0,0,0,0,0,1.570796013,0
2023/02/22/20:33:20.884582,3169,0,0,,1,504,0,10,15,0,0,0,0,0,0,1.570796013,0
2023/02/22/20:33:20.934608,3170,0,0,,1,504,0,10,15,0,0,0,0,0,0,1.570796013,0
2023/02/22/20:33:20.984451,3171,0,0,,1,504,0,10,15,0,0,0,0,0,0,1.570796013,0
2023/02/22/20:33:21.034737,3172,0,0,,1,504,0,10,15,0,0,0,0,0,0,1.570796013,0
2023/02/22/20:33:21.084587,3173,0,0,,1,504,0,10,15,0,0,0,0,0,0,1.570796013,0
2023/02/22/20:33:21.134651,3174,0,0,,1,504,0,10,15,0,0,0,0,0,0,1.570796013,0
2023/02/22/20:33:21.184526,3175,0,0,,1,504,0,10,15,0,0,0,0,0,0,1.570796013,0
2023/02/22/20:33:21.234598,3176,0,0,,1,504,0,10,15,0,0,0,0,0,0,1.570796013,0
2023/02/22/20:33:21.284508,3177,0,0,,1,504,0,10,15,0,0,0,0,0,0,1.570796013,0
2023/02/22/20:33:21.334699,3178,0,0,,1,504,0,10,15,0,0,0,0,0,0,1.570796013,0
2023/02/22/20:33:21.384544,3179,0,0,,1,504,0,10,15,0,0,0,0,0,0,1.570796013,0
2023/02/22/20:33:21.434704,3180,0,0,,1,504,0,10,15,0,0,0,0,0,0,1.570796013,0
2023/02/22/20:33:21.484523,3181,0,0,,1,504,0,10,15,0,0,0,0,0,0,1.570796013,0
2023/02/22/20:33:21.534598,3182,0,0,,1,504,0,10,15,0,0,0,0,0,0,1.570796013,0
2023/02/22/20:33:21.584670,3183,0,0,,1,504,0,10,15,0,0,0,0,0,0,1.570796013,0
2023/02/22/20:33:21.634603,3184,0,0,,1,504,0,10,15,0,0,0,0,0,0,1.570796013,0
2023/02/22/20:33:21.684467,3185,0,0,,1,504,0,10,15,0,0,0,0,0,0,1.570796013,0
2023/02/22/20:33:21.734620,3186,0,0,,1,504,0,10,15,0,0,0,0,0,0,1.570796013,0
2023/02/22/20:33:21.784547,3187,0,0,,1,504,0,10,15,0,0,0,0,0,0,1.570796013,0
2023/02/22/20:33:21.834520,3188,0,0,,1,504,0,10,15,0,0,0,0,0,0,1.570796013,0
2023/02/22/20:33:21.884427,3189,0,0,,1,504,0,10,15,0,0,0,0,0,0,1.570796013,0
2023/02/22/20:33:21.934467,3190,0,0,,1,504,0,10,15,0,0,0,0,0,0,1.570796013,0
2023/02/22/20:33:21.984473,3191,0,0,,1,504,0,10,15,0,0,0,0,0,0,1.570796013,0
2023/02/22/20:33:22.034546,3192,0,0,,1,504,0,10,15,0,0,0,0,0,0,1.570796013,0
2023/02/22/20:33:22.084439,3193,0,0,,1,504,0,10,15,0,0,0,0,0,0,1.570796013,0
2023/02/22/20:33:22.134587,3194,0,0,,1,504,0,10,15,0,0,0,0,0,0,1.570796013,0
2023/02/22/20:33:22.184557,3195,0,0,,1,504,0,10,15,0,0,0,0,0,0,1.570796013,0
2023/02/22/20:33:22.234652,3196,0,0,,1,504,0,10,15,0,0,0,0,0,0,1.570796013,0
2023/02/22/20:33:22.284548,3197,0,0,,1,504,0,10,15,0,0,0,0,0,0,1.570796013,0
2023/02/22/20:33:22.334516,3198,0,0,,1,504,0,10,15,0,0,0,0,0,0,1.570796013,0
2023/02/22/20:33:22.384508,3199,0,0,,1,504,0,10,15,0,0,0,0,0,0,1.570796013,0
2023/02/22/20:33:22.434441,3200,0,0,,1,504,0,10,15,0,0,0,0,0,0,1.570796013,0
2023/02/22/20:33:22.484421,3201,0,0,,1,504,0,10,15,0,0,0,0,0,0,1.570796013,0
2023/02/22/20:33:22.534338,3202,0,0,,1,504,0,10,15,0,0,0,0,0,0,1.570796013,0
2023/02/22/20:33:22.584550,3203,0,0,,1,504,0,10,15,0,0,0,0,0,0,1.570796013,0
2023/02/22/20:33:22.634495,3204,0,0,,1,504,0,10,15,0,0,0,0,0,0,1.570796013,0
2023/02/22/20:33:22.684714,3205,0,0,,1,504,0,10,15,0,0,0,0,0,0,1.570796013,0
2023/02/22/20:33:22.734524,3206,0,0,,1,504,0,10,15,0,0,0,0,0,0,1.570796013,0
2023/02/22/20:33:22.784539,3207,0,0,,1,504,0,10,15,0,0,0,0,0,0,1.570796013,0
2023/02/22/20:33:22.834552,3208,0,0,,1,504,0,10,15,0,0,0,0,0,0,1.570796013,0
2023/02/22/20:33:22.884496,3209,0,0,,1,504,0,10,15,0,0,0,0,0,0,1.570796013,0
2023/02/22/20:33:22.934529,3210,0,0,,1,504,0,10,15,0,0,0,0,0,0,1.570796013,0
2023/02/22/20:33:22.984483,3211,0,0,,1,504,0,10,15,0,0,0,0,0,0,1.570796013,0
2023/02/22/20:33:23.034708,3212,0,0,,1,504,0,10,15,0,0,0,0,0,0,1.570796013,0
2023/02/22/20:33:23.084656,3213,0,0,,1,504,0,10,15,0,0,0,0,0,0,1.570796013,0
2023/02/22/20:33:23.134600,3214,0,0,,1,504,0,10,15,0,0,0,0,0,0,1.570796013,0
2023/02/22/20:33:23.184507,3215,0,0,,1,504,0,10,15,0,0,0,0,0,0,1.570796013,0
2023/02/22/20:33:23.234445,3216,0,0,,1,504,0,10,15,0,0,0,0,0,0,1.570796013,0
2023/02/22/20:33:23.284461,3217,0,0,,1,504,0,10,15,0,0,0,0,0,0,1.570796013,0
2023/02/22/20:33:23.334305,3218,0,0,,1,504,0,10,15,0,0,0,0,0,0,1.570796013,0
2023/02/22/20:33:23.384415,3219,0,0,,1,504,0,10,15,0,0,0,0,0,0,1.570796013,0
2023/02/22/20:33:23.434411,3220,0,0,,1,504,0,10,15,0,0,0,0,0,0,1.570796013,0
2023/02/22/20:33:23.484385,3221,0,0,,1,504,0,10,15,0,0,0,0,0,0,1.570796013,0
2023/02/22/20:33:23.534597,3222,0,0,,1,504,0,10,15,0,0,0,0,0,0,1.570796013,0
2023/02/22/20:33:23.584777,3223,0,0,,1,504,0,10,15,0,0,0,0,0,0,1.570796013,0
2023/02/22/20:33:23.634758,3224,0,0,,1,504,0,10,15,0,0,0,0,0,0,1.570796013,0
2023/02/22/20:33:23.684613,3225,0,0,,1,504,0,10,15,0,0,0,0,0,0,1.570796013,0
2023/02/22/20:33:23.734710,3226,0,0,,1,504,0,10,15,0,0,0,0,0,0,1.570796013,0
2023/02/22/20:33:23.784465,3227,0,0,,1,504,0,10,15,0,0,0,0,0,0,1.570796013,0
2023/02/22/20:33:23.834571,3228,0,0,,1,504,0,10,15,0,0,0,0,0,0,1.570796013,0
2023/02/22/20:33:23.884464,3229,0,0,,1,504,0,10,15,0,0,0,0,0,0,1.570796013,0
2023/02/22/20:33:23.934523,3230,0,0,,1,504,0,10,15,0,0,0,0,0,0,1.570796013,0
2023/02/22/20:33:23.984517,3231,0,0,,1,504,0,10,15,0,0,0,0,0,0,1.570796013,0
2023/02/22/20:33:24.034584,3232,0,0,,1,504,0,10,15,0,0,0,0,0,0,1.570796013,0
2023/02/22/20:33:24.084620,3233,0,0,,1,504,0,10,15,0,0,0,0,0,0,1.570796013,0
2023/02/22/20:33:24.134537,3234,0,0,,1,504,0,10,15,0,0,0,0,0,0,1.570796013,0
2023/02/22/20:33:24.184781,3235,0,0,,1,504,0,10,15,0,0,0,0,0,0,1.570796013,0
2023/02/22/20:33:24.234574,3236,0,0,,1,504,0,10,15,0,0,0,0,0,0,1.570796013,0
2023/02/22/20:33:24.284581,3237,0,0,,1,504,0,10,15,0,0,0,0,0,0,1.570796013,0
2023/02/22/20:33:24.334577,3238,0,0,,1,504,0,10,15,0,0,0,0,0,0,1.570796013,0
2023/02/22/20:33:24.384516,3239,0,0,,1,504,0,10,15,0,0,0,0,0,0,1.570796013,0
2023/02/22/20:33:24.434649,3240,0,0,,1,504,0,10,15,0,0,0,0,0,0,1.570796013,0
2023/02/22/20:33:24.484671,3241,0,0,,1,504,0,10,15,0,0,0,0,0,0,1.570796013,0
2023/02/22/20:33:24.534560,3242,0,0,,1,504,0,10,15,0,0,0,0,0,0,1.570796013,0
2023/02/22/20:33:24.584404,3243,0,0,,1,504,0,10,15,0,0,0,0,0,0,1.570796013,0
2023/02/22/20:33:24.634705,3244,0,0,,1,504,0,10,15,0,0,0,0,0,0,1.570796013,0
2023/02/22/20:33:24.684382,3245,0,0,,1,504,0,10,15,0,0,0,0,0,0,1.570796013,0
2023/02/22/20:33:24.734648,3246,0,0,,1,504,0,10,15,0,0,0,0,0,0,1.570796013,0
2023/02/22/20:33:24.784565,3247,0,0,,1,504,0,10,15,0,0,0,0,0,0,1.570796013,0
2023/02/22/20:33:24.834780,3248,0,0,,1,504,0,10,15,0,0,0,0,0,0,1.570796013,0
2023/02/22/20:33:24.884618,3249,0,0,,1,504,0,10,15,0,0,0,0,0,0,1.570796013,0
2023/02/22/20:33:24.934587,3250,0,0,,1,504,0,10,15,0,0,0,0,0,0,1.570796013,0
2023/02/22/20:33:24.984694,3251,0,0,,1,504,0,10,15,0,0,0,0,0,0,1.570796013,0
2023/02/22/20:33:25.034631,3252,0,0,,1,504,0,10,15,0,0,0,0,0,0,1.570796013,0
2023/02/22/20:33:25.084691,3253,0,0,,1,504,0,10,15,0,0,0,0,0,0,1.570796013,0
2023/02/22/20:33:25.134764,3254,0,0,,1,504,0,10,15,0,0,0,0,0,0,1.570796013,0
2023/02/22/20:33:25.184632,3255,0,0,,1,504,0,10,15,0,0,0,0,0,0,1.570796013,0
2023/02/22/20:33:25.234710,3256,0,0,,1,504,0,10,15,0,0,0,0,0,0,1.570796013,0
2023/02/22/20:33:25.284569,3257,0,0,,1,504,0,10,15,0,0,0,0,0,0,1.570796013,0
2023/02/22/20:33:25.334655,3258,0,0,,1,504,0,10,15,0,0,0,0,0,0,1.570796013,0
2023/02/22/20:33:25.384732,3259,0,0,,1,504,0,10,15,0,0,0,0,0,0,1.570796013,0
2023/02/22/20:33:25.434528,3260,0,0,,1,504,0,10,15,0,0,0,0,0,0,1.570796013,0
2023/02/22/20:33:25.484642,3261,0,0,,1,504,0,10,15,0,0,0,0,0,0,1.570796013,0
2023/02/22/20:33:25.534739,3262,0,0,,1,504,0,10,15,0,0,0,0,0,0,1.570796013,0
2023/02/22/20:33:25.584532,3263,0,0,,1,504,0,10,15,0,0,0,0,0,0,1.570796013,0
2023/02/22/20:33:25.634463,3264,0,0,,1,504,0,10,15,0,0,0,0,0,0,1.570796013,0
2023/02/22/20:33:25.684709,3265,0,0,,1,504,0,10,15,0,0,0,0,0,0,1.570796013,0
2023/02/22/20:33:25.734542,3266,0,0,,1,504,0,10,15,0,0,0,0,0,0,1.570796013,0
2023/02/22/20:33:25.784659,3267,0,0,,1,504,0,10,15,0,0,0,0,0,0,1.570796013,0
2023/02/22/20:33:25.834633,3268,0,0,,1,504,0,10,15,0,0,0,0,0,0,1.570796013,0
2023/02/22/20:33:25.884739,3269,0,0,,1,504,0,10,15,0,0,0,0,0,0,1.570796013,0
2023/02/22/20:33:25.934633,3270,0,0,,1,504,0,10,15,0,0,0,0,0,0,1.570796013,0
2023/02/22/20:33:25.984522,3271,0,0,,1,504,0,10,15,0,0,0,0,0,0,1.570796013,0
2023/02/22/20:33:26.034714,3272,0,0,,1,504,0,10,15,0,0,0,0,0,0,1.570796013,0
2023/02/22/20:33:26.084548,3273,0,0,,1,504,0,10,15,0,0,0,0,0,0,1.570796013,0
2023/02/22/20:33:26.134823,3274,0,0,,1,504,0,10,15,0,0,0,0,0,0,1.570796013,0
2023/02/22/20:33:26.184608,3275,0,0,,1,504,0,10,15,0,0,0,0,0,0,1.570796013,0
2023/02/22/20:33:26.234607,3276,0,0,,1,504,0,10,15,0,0,0,0,0,0,1.570796013,0
2023/02/22/20:33:26.284673,3277,0,0,,1,504,0,10,15,0,0,0,0,0,0,1.570796013,0
2023/02/22/20:33:26.334521,3278,0,0,,1,504,0,10,15,0,0,0,0,0,0,1.570796013,0
2023/02/22/20:33:26.384636,3279,0,0,,1,504,0,10,15,0,0,0,0,0,0,1.570796013,0
2023/02/22/20:33:26.434572,3280,0,0,,1,504,0,10,15,0,0,0,0,0,0,1.570796013,0
2023/02/22/20:33:26.484517,3281,0,0,,1,504,0,10,15,0,0,0,0,0,0,1.570796013,0
2023/02/22/20:33:26.534538,3282,0,0,,1,504,0,10,15,0,0,0,0,0,0,1.570796013,0
2023/02/22/20:33:26.584533,3283,0,0,,1,504,0,10,15,0,0,0,0,0,0,1.570796013,0
2023/02/22/20:33:26.634517,3284,0,0,,1,504,0,10,15,0,0,0,0,0,0,1.570796013,0
2023/02/22/20:33:26.684488,3285,0,0,,1,504,0,10,15,0,0,0,0,0,0,1.570796013,0
2023/02/22/20:33:26.734629,3286,0,0,,1,504,0,10,15,0,0,0,0,0,0,1.570796013,0
2023/02/22/20:33:26.784585,3287,0,0,,1,504,0,10,15,0,0,0,0,0,0,1.570796013,0
2023/02/22/20:33:26.834619,3288,0,0,,1,504,0,10,15,0,0,0,0,0,0,1.570796013,0
2023/02/22/20:33:26.884599,3289,0,0,,1,504,0,10,15,0,0,0,0,0,0,1.570796013,0
2023/02/22/20:33:26.934565,3290,0,0,,1,504,0,10,15,0,0,0,0,0,0,1.570796013,0
2023/02/22/20:33:26.984597,3291,0,0,,1,504,0,10,15,0,0,0,0,0,0,1.570796013,0
2023/02/22/20:33:27.034577,3292,0,0,,1,504,0,10,15,0,0,0,0,0,0,1.570796013,0
2023/02/22/20:33:27.084467,3293,0,0,,1,504,0,10,15,0,0,0,0,0,0,1.570796013,0
2023/02/22/20:33:27.134572,3294,0,0,,1,504,0,10,15,0,0,0,0,0,0,1.570796013,0
2023/02/22/20:33:27.184609,3295,0,0,,1,504,0,10,15,0,0,0,0,0,0,1.570796013,0
2023/02/22/20:33:27.234703,3296,0,0,,1,504,0,10,15,0,0,0,0,0,0,1.570796013,0
2023/02/22/20:33:27.284430,3297,0,0,,1,504,0,10,15,0,0,0,0,0,0,1.570796013,0
2023/02/22/20:33:27.334799,3298,0,0,,1,504,0,10,15,0,0,0,0,0,0,1.570796013,0
2023/02/22/20:33:27.384521,3299,0,0,,1,504,0,10,15,0,0,0,0,0,0,1.570796013,0
2023/02/22/20:33:27.434628,3300,0,0,,1,504,5,10,15,0,0,0,0,0,0,1.570796013,0
2023/02/22/20:33:27.484537,3301,0,0,,1,504,5,10,15,0,0,0,0,0,0,1.570796013,0
2023/02/22/20:33:27.534735,3302,0,0,,1,504,5,10,15,0,0,0,0,0,0,1.570796013,0
2023/02/22/20:33:27.584674,3303,0,0,,1,504,5,10,15,0,0,0,0,0,0,1.570796013,0
2023/02/22/20:33:27.634669,3304,0,0,,1,504,5,10,15,0,0,0,0,0,0,1.570796013,0
2023/02/22/20:33:27.684581,3305,0,0,,1,504,5,10,15,0,0,0,0,0,0,1.570796013,0
2023/02/22/20:33:27.734628,3306,0,0,,1,504,5,10,15,0,0,0,0,0,0,1.570796013,0
2023/02/22/20:33:27.784534,3307,0,0,,1,504,5,10,15,0,0,0,0,0,0,1.570796013,0
2023/02/22/20:33:27.834655,3308,0,0,,1,504,5,10,15,0,0,0,0,0,0,1.570796013,0
2023/02/22/20:33:27.884553,3309,0,0,,1,504,5,10,15,0,0,0,0,0,0,1.570796013,0
2023/02/22/20:33:27.934725,3310,0,0,,1,504,5,10,15,0,0,0,0,0,0,1.570796013,0
2023/02/22/20:33:27.984734,3311,0,0,,1,504,5,10,15,0,0,0,0,0,0,1.570796013,0
2023/02/22/20:33:28.034821,3312,0,0,,1,504,5,10,15,0,0,0,0,0,0,1.570796013,0
2023/02/22/20:33:28.084496,3313,0,0,,1,504,5,10,15,0,0,0,0,0,0,1.570796013,0
2023/02/22/20:33:28.134804,3314,0,0,,1,504,5,10,15,0,0,0,0,0,0,1.570796013,0
2023/02/22/20:33:28.184906,3315,0,0,,1,504,5,10,15,0,0,0,0,0,0,1.570796013,0
2023/02/22/20:33:28.234810,3316,0,0,,1,504,5,10,15,0,0,0,0,0,0,1.570796013,0
2023/02/22/20:33:28.284494,3317,0,0,,1,504,5,10,15,0,0,0,0,0,0,1.570796013,0
2023/02/22/20:33:28.334734,3318,0,0,,1,504,5,10,15,0,0,0,0,0,0,1.570796013,0
2023/02/22/20:33:28.384592,3319,0,0,,1,504,5,10,15,0,0,0,0,0,0,1.570796013,0
2023/02/22/20:33:28.434850,3320,0,0,,1,504,5,10,15,0,0,0,0,0,0,1.570796013,0
2023/02/22/20:33:28.484479,3321,0,0,,1,504,5,10,15,0,0,0,0,0,0,1.570796013,0
2023/02/22/20:33:28.534777,3322,0,0,,1,504,5,10,15,0,0,0,0,0,0,1.570796013,0
2023/02/22/20:33:28.584549,3323,0,0,,1,504,5,10,15,0,0,0,0,0,0,1.570796013,0
2023/02/22/20:33:28.634815,3324,0,0,,1,504,5,10,15,0,0,0,0,0,0,1.570796013,0
2023/02/22/20:33:28.684654,3325,0,0,,1,504,5,10,15,0,0,0,0,0,0,1.570796013,0
2023/02/22/20:33:28.734543,3326,0,0,,1,504,5,10,15,0,0,0,0,0,0,1.570796013,0
2023/02/22/20:33:28.784633,3327,0,0,,1,504,5,10,15,0,0,0,0,0,0,1.570796013,0
2023/02/22/20:33:28.834634,3328,0,0,,1,504,5,10,15,0,0,0,0,0,0,1.570796013,0
2023/02/22/20:33:28.884546,3329,0,0,,1,504,5,10,15,0,0,0,0,0,0,1.570796013,0
2023/02/22/20:33:28.934788,3330,0,0,,1,504,5,10,15,0,0,0,0,0,0,1.570796013,0
2023/02/22/20:33:28.984660,3331,0,0,,1,504,5,10,15,0,0,0,0,0,0,1.570796013,0
2023/02/22/20:33:29.034769,3332,0,0,,1,504,5,10,15,0,0,0,0,0,0,1.570796013,0
2023/02/22/20:33:29.084625,3333,0,0,,1,504,5,10,15,0,0,0,0,0,0,1.570796013,0
2023/02/22/20:33:29.134776,3334,0,0,,1,504,5,10,15,0,0,0,0,0,0,1.570796013,0
2023/02/22/20:33:29.184598,3335,0,0,,1,504,5,10,15,0,0,0,0,0,0,1.570796013,0
2023/02/22/20:33:29.234713,3336,0,0,,1,504,5,10,15,0,0,0,0,0,0,1.570796013,0
2023/02/22/20:33:29.284497,3337,0,0,,1,504,5,10,15,0,0,0,0,0,0,1.570796013,0
2023/02/22/20:33:29.334719,3338,0,0,,1,504,5,10,15,0,0,0,0,0,0,1.570796013,0
2023/02/22/20:33:29.384518,3339,0,0,,1,504,5,10,15,0,0,0,0,0,0,1.570796013,0
2023/02/22/20:33:29.434795,3340,0,0,,1,504,5,10,15,0,0,0,0,0,0,1.570796013,0
2023/02/22/20:33:29.484630,3341,0,0,,1,504,5,10,15,0,0,0,0,0,0,1.570796013,0
2023/02/22/20:33:29.534725,3342,0,0,,1,504,5,10,15,0,0,0,0,0,0,1.570796013,0
2023/02/22/20:33:29.584658,3343,0,0,,1,504,5,10,15,0,0,0,0,0,0,1.570796013,0
2023/02/22/20:33:29.634918,3344,0,0,,1,504,5,10,15,0,0,0,0,0,0,1.570796013,0
2023/02/22/20:33:29.684540,3345,0,0,,1,504,5,10,15,0,0,0,0,0,0,1.570796013,0
2023/02/22/20:33:29.734936,3346,0,0,,1,504,5,10,15,0,0,0,0,0,0,1.570796013,0
2023/02/22/20:33:29.784773,3347,0,0,,1,504,5,10,15,0,0,0,0,0,0,1.570796013,0
2023/02/22/20:33:29.834882,3348,0,0,,1,504,5,10,15,0,0,0,0,0,0,1.570796013,0
2023/02/22/20:33:29.884531,3349,0,0,,1,504,5,10,15,0,0,0,0,0,0,1.570796013,0
2023/02/22/20:33:29.934759,3350,0,0,,1,504,5,10,15,0,0,0,0,0,0,1.570796013,0
2023/02/22/20:33:29.984560,3351,0,0,,1,504,5,10,15,0,0,0,0,0,0,1.570796013,0
2023/02/22/20:33:30.034656,3352,0,0,,1,504,5,10,15,0,0,0,0,0,0,1.570796013,0
2023/02/22/20:33:30.084373,3353,0,0,,1,504,5,10,15,0,0,0,0,0,0,1.570796013,0
2023/02/22/20:33:30.134594,3354,0,0,,1,504,5,10,15,0,0,0,0,0,0,1.570796013,0
2023/02/22/20:33:30.184803,3355,0,0,,1,504,5,10,15,0,0,0,0,0,0,1.570796013,0
2023/02/22/20:33:30.234632,3356,0,0,,1,504,5,10,15,0,0,0,0,0,0,1.570796013,0
2023/02/22/20:33:30.284530,3357,0,0,,1,504,5,10,15,0,0,0,0,0,0,1.570796013,0
2023/02/22/20:33:30.334764,3358,0,0,,1,504,5,10,15,0,0,0,0,0,0,1.570796013,0
2023/02/22/20:33:30.384564,3359,0,0,,1,504,5,10,15,0,0,0,0,0,0,1.570796013,0
2023/02/22/20:33:30.435149,3360,0,0,,1,504,5,10,15,0,0,0,0,0,0,1.570796013,0
2023/02/22/20:33:30.484605,3361,0,0,,1,504,5,10,15,0,0,0,0,0,0,1.570796013,0
2023/02/22/20:33:30.534734,3362,0,0,,1,504,5,10,15,0,0,0,0,0,0,1.570796013,0
2023/02/22/20:33:30.584677,3363,0,0,,1,504,5,10,15,0,0,0,0,0,0,1.570796013,0
2023/02/22/20:33:30.634583,3364,0,0,,1,504,5,10,15,0,0,0,0,0,0,1.570796013,0
2023/02/22/20:33:30.684492,3365,0,0,,1,504,5,10,15,0,0,0,0,0,0,1.570796013,0
2023/02/22/20:33:30.734872,3366,0,0,,1,504,5,10,15,0,0,0,0,0,0,1.570796013,0
2023/02/22/20:33:30.784542,3367,0,0,,1,504,5,10,15,0,0,0,0,0,0,1.570796013,0
2023/02/22/20:33:30.834632,3368,0,0,,1,504,5,10,15,0,0,0,0,0,0,1.570796013,0
